Meat/Poultry	1	0009372	Pâté chinois	24.00	475	1
Grains/Cereals	1	0009373	Gnocchi di nonna Alice	38.00	478	1
Grains/Cereals	1	0009374	Ravioli Angelo	19.50	323	1
Seafood	1	0009375	Escargots de Bourgogne	13.25	363	1
Dairy Products	1	0009376	Raclette Courdavault	55.00	204	1
Dairy Products	1	0009377	Camembert Pierrot	34.00	151	1
Condiments	1	0009378	Sirop d'érable	28.50	348	1
Confections	1	0009379	Tarte au sucre	49.30	99	1
Condiments	1	0009380	Vegie-spread	43.90	8	1
Grains/Cereals	1	0009381	Wimmers gute Semmelknödel	33.25	82	1
Condiments	1	0009382	Louisiana Fiery Hot Pepper Sauce	21.05	483	1
Condiments	1	0009383	Louisiana Hot Spiced Okra	17.00	349	1
Beverages	1	0009384	Laughing Lumberjack Lager	14.00	234	1
Confections	1	0009385	Scottish Longbreads	12.50	93	1
Dairy Products	1	0009386	Gudbrandsdalsost	36.00	38	1
Beverages	1	0009387	Outback Lager	15.00	319	1
Dairy Products	1	0009388	Flotemysost	21.50	185	1
Dairy Products	1	0009389	Mozzarella di Giovanni	34.80	124	1
Seafood	1	0009390	Röd Kaviar	15.00	171	1
Produce	1	0009391	Longlife Tofu	10.00	58	1
Beverages	1	0009392	Rhönbräu Klosterbier	7.75	19	1
Beverages	1	0009393	Lakkalikööri	18.00	35	1
Condiments	1	0009394	Original Frankfurter grüne Soße	13.00	77	1
Beverages	1	0009395	Chai	18.00	16	0
Beverages	1	0009396	Chang	19.00	292	1
Condiments	1	0009397	Aniseed Syrup	10.00	432	1
Condiments	1	0009398	Chef Anton's Cajun Seasoning	22.00	233	1
Condiments	1	0009399	Chef Anton's Gumbo Mix	21.35	104	1
Condiments	1	0009400	Grandma's Boysenberry Spread	25.00	256	1
Produce	1	0009401	Uncle Bob's Organic Dried Pears	30.00	457	1
Condiments	1	0009402	Northwoods Cranberry Sauce	40.00	145	1
Meat/Poultry	1	0009403	Mishi Kobe Niku	97.00	46	1
Seafood	1	0009404	Ikura	31.00	496	1
Dairy Products	1	0009405	Queso Cabrales	21.00	211	1
Dairy Products	1	0009406	Queso Manchego La Pastora	38.00	145	1
Seafood	1	0009407	Konbu	6.00	79	1
Produce	1	0009408	Tofu	23.25	482	1
Condiments	1	0009409	Genen Shouyu	15.50	71	1
Confections	1	0009410	Pavlova	17.45	186	1
Meat/Poultry	1	0009411	Alice Mutton	39.00	158	1
Seafood	1	0009412	Carnarvon Tigers	62.50	439	1
Confections	1	0009413	Teatime Chocolate Biscuits	9.20	368	1
Confections	1	0009414	Sir Rodney's Marmalade	81.00	1	1
Confections	1	0009415	Sir Rodney's Scones	10.00	450	0
Grains/Cereals	1	0009416	Gustaf's Knäckebröd	21.00	10	1
Grains/Cereals	1	0009417	Tunnbröd	9.00	44	1
Beverages	1	0009418	Guaraná Fantástica	4.50	404	1
Confections	0	0009419	NuNuCa Nuß-Nougat-Creme	14.00	12	1
Confections	1	0009420	Gumbär Gummibärchen	31.23	106	1
Confections	1	0009421	Schoggi Schokolade	43.90	58	1
Produce	1	0009422	Rössle Sauerkraut	45.60	373	1
Meat/Poultry	1	0009423	Thüringer Rostbratwurst	123.79	371	1
Seafood	1	0009424	Nord-Ost Matjeshering	25.89	460	1
Dairy Products	1	0009425	Gorgonzola Telino	12.50	111	1
Dairy Products	1	0009426	Mascarpone Fabioli	32.00	426	1
Dairy Products	1	0009427	Geitost	2.50	45	1
Beverages	1	0009428	Sasquatch Ale	14.00	19	1
Beverages	1	0009429	Steeleye Stout	18.00	304	1
Seafood	1	0009430	Inlagd Sill	19.00	227	1
Seafood	1	0009431	Gravad lax	26.00	414	1
Beverages	1	0009432	Côte de Blaye	263.50	272	1
Beverages	1	0009433	Chartreuse verte	18.00	329	1
Seafood	1	0009434	Boston Crab Meat	18.40	357	1
Seafood	1	0009435	Jack's New England Clam Chowder	9.65	278	1
Grains/Cereals	1	0009436	Singaporean Hokkien Fried Mee	14.00	92	1
Beverages	1	0009437	Ipoh Coffee	46.00	378	1
Condiments	1	0009438	Gula Malacca	19.45	361	1
Seafood	1	0009439	Rogede sild	9.50	217	1
Seafood	1	0009440	Spegesild	12.00	201	1
Confections	1	0009441	Zaanse koeken	9.50	12	1
Confections	1	0009442	Chocolade	12.75	71	1
Confections	1	0009443	Maxilaku	20.00	219	1
Confections	1	0009444	Valkoinen suklaa	16.25	442	1
Produce	1	0009445	Manjimup Dried Apples	53.00	234	1
Grains/Cereals	1	0009446	Filo Mix	7.00	393	1
Meat/Poultry	1	0009447	Perth Pasties	32.80	177	0
Meat/Poultry	1	0009448	Tourtière	7.45	424	1
Meat/Poultry	1	0009449	Pâté chinois	24.00	178	1
Grains/Cereals	1	0009450	Gnocchi di nonna Alice	38.00	345	1
Grains/Cereals	1	0009451	Ravioli Angelo	19.50	441	1
Seafood	1	0009452	Escargots de Bourgogne	13.25	103	1
Dairy Products	1	0009453	Raclette Courdavault	55.00	148	1
Dairy Products	1	0009454	Camembert Pierrot	34.00	299	1
Condiments	1	0009455	Sirop d'érable	28.50	71	1
Confections	1	0009456	Tarte au sucre	49.30	242	1
Condiments	1	0009457	Vegie-spread	43.90	182	1
Grains/Cereals	1	0009458	Wimmers gute Semmelknödel	33.25	53	1
Condiments	1	0009459	Louisiana Fiery Hot Pepper Sauce	21.05	245	1
Condiments	1	0009460	Louisiana Hot Spiced Okra	17.00	253	1
Beverages	1	0009461	Laughing Lumberjack Lager	14.00	64	1
Confections	1	0009462	Scottish Longbreads	12.50	490	1
Dairy Products	1	0009463	Gudbrandsdalsost	36.00	221	1
Beverages	1	0009464	Outback Lager	15.00	341	1
Dairy Products	1	0009465	Flotemysost	21.50	335	1
Dairy Products	1	0009466	Mozzarella di Giovanni	34.80	327	1
Seafood	1	0009467	Röd Kaviar	15.00	88	1
Produce	1	0009468	Longlife Tofu	10.00	221	1
Beverages	1	0009469	Rhönbräu Klosterbier	7.75	353	1
Beverages	1	0009470	Lakkalikööri	18.00	352	1
Condiments	1	0009471	Original Frankfurter grüne Soße	13.00	43	1
Beverages	1	0009472	Chai	18.00	166	1
Beverages	1	0009473	Chang	19.00	328	1
Condiments	1	0009474	Aniseed Syrup	10.00	275	1
Condiments	1	0009475	Chef Anton's Cajun Seasoning	22.00	149	0
Condiments	1	0009476	Chef Anton's Gumbo Mix	21.35	162	1
Condiments	1	0009477	Grandma's Boysenberry Spread	25.00	165	1
Produce	1	0009478	Uncle Bob's Organic Dried Pears	30.00	238	1
Condiments	1	0009479	Northwoods Cranberry Sauce	40.00	308	1
Meat/Poultry	1	0009480	Mishi Kobe Niku	97.00	12	1
Seafood	1	0009481	Ikura	31.00	285	1
Dairy Products	1	0009482	Queso Cabrales	21.00	12	1
Dairy Products	1	0009483	Queso Manchego La Pastora	38.00	470	1
Seafood	1	0009484	Konbu	6.00	63	1
Produce	1	0009485	Tofu	23.25	484	1
Condiments	1	0009486	Genen Shouyu	15.50	282	1
Confections	1	0009487	Pavlova	17.45	488	1
Meat/Poultry	1	0009488	Alice Mutton	39.00	485	1
Seafood	1	0009489	Carnarvon Tigers	62.50	179	1
Confections	1	0009490	Teatime Chocolate Biscuits	9.20	225	1
Confections	1	0009491	Sir Rodney's Marmalade	81.00	500	1
Confections	1	0009492	Sir Rodney's Scones	10.00	28	1
Grains/Cereals	1	0009493	Gustaf's Knäckebröd	21.00	22	1
Grains/Cereals	0	0009494	Tunnbröd	9.00	134	1
Beverages	1	0009495	Guaraná Fantástica	4.50	92	1
Confections	1	0009496	NuNuCa Nuß-Nougat-Creme	14.00	427	1
Confections	1	0009497	Gumbär Gummibärchen	31.23	237	1
Confections	1	0009498	Schoggi Schokolade	43.90	328	1
Produce	0	0009499	Rössle Sauerkraut	45.60	100	1
Meat/Poultry	0	0009500	Thüringer Rostbratwurst	123.79	449	1
Seafood	1	0009501	Nord-Ost Matjeshering	25.89	32	1
Dairy Products	1	0009502	Gorgonzola Telino	12.50	320	1
Dairy Products	1	0009503	Mascarpone Fabioli	32.00	292	1
Dairy Products	1	0009504	Geitost	2.50	338	0
Beverages	1	0009505	Sasquatch Ale	14.00	92	1
Beverages	1	0009506	Steeleye Stout	18.00	208	1
Seafood	1	0009507	Inlagd Sill	19.00	324	1
Seafood	1	0009508	Gravad lax	26.00	453	1
Beverages	1	0009509	Côte de Blaye	263.50	255	1
Beverages	1	0009510	Chartreuse verte	18.00	69	0
Seafood	1	0009511	Boston Crab Meat	18.40	463	1
Seafood	1	0009512	Jack's New England Clam Chowder	9.65	71	1
Grains/Cereals	1	0009513	Singaporean Hokkien Fried Mee	14.00	231	1
Beverages	1	0009514	Ipoh Coffee	46.00	405	1
Condiments	1	0009515	Gula Malacca	19.45	12	1
Seafood	1	0009516	Rogede sild	9.50	452	1
Seafood	1	0009517	Spegesild	12.00	328	1
Confections	1	0009518	Zaanse koeken	9.50	484	1
Confections	1	0009519	Chocolade	12.75	461	1
Confections	1	0009520	Maxilaku	20.00	253	1
Confections	1	0009521	Valkoinen suklaa	16.25	277	1
Produce	1	0009522	Manjimup Dried Apples	53.00	185	1
Grains/Cereals	1	0009523	Filo Mix	7.00	190	1
Meat/Poultry	1	0009524	Perth Pasties	32.80	33	1
Meat/Poultry	1	0009525	Tourtière	7.45	458	1
Meat/Poultry	1	0009526	Pâté chinois	24.00	421	1
Grains/Cereals	1	0009527	Gnocchi di nonna Alice	38.00	263	1
Grains/Cereals	1	0009528	Ravioli Angelo	19.50	137	1
Seafood	1	0009529	Escargots de Bourgogne	13.25	287	1
Dairy Products	1	0009530	Raclette Courdavault	55.00	481	1
Dairy Products	1	0009531	Camembert Pierrot	34.00	483	1
Condiments	1	0009532	Sirop d'érable	28.50	213	1
Confections	1	0009533	Tarte au sucre	49.30	200	1
Condiments	1	0009534	Vegie-spread	43.90	123	1
Grains/Cereals	1	0009535	Wimmers gute Semmelknödel	33.25	415	1
Condiments	1	0009536	Louisiana Fiery Hot Pepper Sauce	21.05	241	1
Condiments	0	0009537	Louisiana Hot Spiced Okra	17.00	311	1
Beverages	1	0009538	Laughing Lumberjack Lager	14.00	452	1
Confections	1	0009539	Scottish Longbreads	12.50	312	1
Dairy Products	1	0009540	Gudbrandsdalsost	36.00	332	1
Beverages	1	0009541	Outback Lager	15.00	499	1
Dairy Products	1	0009542	Flotemysost	21.50	353	1
Dairy Products	1	0009543	Mozzarella di Giovanni	34.80	182	1
Seafood	1	0009544	Röd Kaviar	15.00	156	1
Produce	1	0009545	Longlife Tofu	10.00	369	1
Beverages	1	0009546	Rhönbräu Klosterbier	7.75	137	1
Beverages	1	0009547	Lakkalikööri	18.00	421	1
Condiments	0	0009548	Original Frankfurter grüne Soße	13.00	143	1
Beverages	1	0009549	Chai	18.00	308	1
Beverages	1	0009550	Chang	19.00	356	1
Condiments	1	0009551	Aniseed Syrup	10.00	378	1
Condiments	1	0009552	Chef Anton's Cajun Seasoning	22.00	497	1
Condiments	1	0009553	Chef Anton's Gumbo Mix	21.35	403	1
Condiments	1	0009554	Grandma's Boysenberry Spread	25.00	496	1
Produce	1	0009555	Uncle Bob's Organic Dried Pears	30.00	473	1
Condiments	1	0009556	Northwoods Cranberry Sauce	40.00	171	1
Meat/Poultry	1	0009557	Mishi Kobe Niku	97.00	181	1
Seafood	1	0009558	Ikura	31.00	356	1
Dairy Products	1	0009559	Queso Cabrales	21.00	175	1
Dairy Products	1	0009560	Queso Manchego La Pastora	38.00	287	1
Seafood	1	0009561	Konbu	6.00	116	1
Produce	1	0009562	Tofu	23.25	237	1
Condiments	1	0009563	Genen Shouyu	15.50	351	1
Confections	1	0009564	Pavlova	17.45	114	1
Meat/Poultry	1	0009565	Alice Mutton	39.00	426	1
Seafood	1	0009566	Carnarvon Tigers	62.50	408	1
Confections	1	0009567	Teatime Chocolate Biscuits	9.20	57	1
Confections	1	0009568	Sir Rodney's Marmalade	81.00	294	1
Confections	1	0009569	Sir Rodney's Scones	10.00	85	1
Grains/Cereals	1	0009570	Gustaf's Knäckebröd	21.00	235	1
Grains/Cereals	1	0009571	Tunnbröd	9.00	222	1
Beverages	1	0009572	Guaraná Fantástica	4.50	93	1
Confections	1	0009573	NuNuCa Nuß-Nougat-Creme	14.00	354	1
Confections	1	0009574	Gumbär Gummibärchen	31.23	114	1
Confections	1	0009575	Schoggi Schokolade	43.90	346	1
Produce	1	0009576	Rössle Sauerkraut	45.60	488	1
Meat/Poultry	1	0009577	Thüringer Rostbratwurst	123.79	220	1
Seafood	1	0009578	Nord-Ost Matjeshering	25.89	421	1
Dairy Products	1	0009579	Gorgonzola Telino	12.50	118	1
Dairy Products	1	0009580	Mascarpone Fabioli	32.00	340	1
Dairy Products	1	0009581	Geitost	2.50	424	1
Beverages	1	0009582	Sasquatch Ale	14.00	112	1
Beverages	1	0009583	Steeleye Stout	18.00	472	1
Seafood	1	0009584	Inlagd Sill	19.00	95	1
Seafood	1	0009585	Gravad lax	26.00	233	1
Beverages	1	0009586	Côte de Blaye	263.50	197	1
Beverages	1	0009587	Chartreuse verte	18.00	433	1
Seafood	1	0009588	Boston Crab Meat	18.40	243	1
Seafood	1	0009589	Jack's New England Clam Chowder	9.65	369	1
Grains/Cereals	1	0009590	Singaporean Hokkien Fried Mee	14.00	389	1
Beverages	1	0009591	Ipoh Coffee	46.00	88	1
Condiments	1	0009592	Gula Malacca	19.45	131	0
Seafood	1	0009593	Rogede sild	9.50	401	1
Seafood	1	0009594	Spegesild	12.00	7	1
Confections	1	0009595	Zaanse koeken	9.50	217	1
Confections	1	0009596	Chocolade	12.75	426	1
Confections	1	0009597	Maxilaku	20.00	432	0
Confections	1	0009598	Valkoinen suklaa	16.25	172	1
Produce	1	0009599	Manjimup Dried Apples	53.00	252	1
Grains/Cereals	1	0009600	Filo Mix	7.00	16	1
Meat/Poultry	1	0009601	Perth Pasties	32.80	420	1
Meat/Poultry	1	0009602	Tourtière	7.45	420	1
Meat/Poultry	1	0009603	Pâté chinois	24.00	370	1
Grains/Cereals	1	0009604	Gnocchi di nonna Alice	38.00	411	1
Grains/Cereals	1	0009605	Ravioli Angelo	19.50	389	1
Seafood	1	0009606	Escargots de Bourgogne	13.25	423	1
Dairy Products	1	0009607	Raclette Courdavault	55.00	271	1
Dairy Products	1	0009608	Camembert Pierrot	34.00	176	1
Condiments	1	0009609	Sirop d'érable	28.50	149	1
Confections	1	0009610	Tarte au sucre	49.30	189	1
Condiments	1	0009611	Vegie-spread	43.90	152	1
Grains/Cereals	1	0009612	Wimmers gute Semmelknödel	33.25	74	1
Condiments	1	0009613	Louisiana Fiery Hot Pepper Sauce	21.05	121	1
Condiments	1	0009614	Louisiana Hot Spiced Okra	17.00	241	1
Beverages	1	0009615	Laughing Lumberjack Lager	14.00	193	1
Confections	1	0009616	Scottish Longbreads	12.50	32	1
Dairy Products	1	0009617	Gudbrandsdalsost	36.00	302	1
Beverages	1	0009618	Outback Lager	15.00	132	1
Dairy Products	1	0009619	Flotemysost	21.50	435	1
Dairy Products	1	0009620	Mozzarella di Giovanni	34.80	127	1
Seafood	1	0009621	Röd Kaviar	15.00	115	1
Produce	1	0009622	Longlife Tofu	10.00	19	1
Beverages	1	0009623	Rhönbräu Klosterbier	7.75	340	1
Beverages	1	0009624	Lakkalikööri	18.00	60	1
Condiments	1	0009625	Original Frankfurter grüne Soße	13.00	8	1
Beverages	1	0009626	Chai	18.00	58	1
Beverages	1	0009627	Chang	19.00	309	1
Condiments	1	0009628	Aniseed Syrup	10.00	491	1
Condiments	1	0009629	Chef Anton's Cajun Seasoning	22.00	231	1
Condiments	1	0009630	Chef Anton's Gumbo Mix	21.35	57	1
Condiments	1	0009631	Grandma's Boysenberry Spread	25.00	314	1
Produce	1	0009632	Uncle Bob's Organic Dried Pears	30.00	257	1
Condiments	1	0009633	Northwoods Cranberry Sauce	40.00	79	1
Meat/Poultry	1	0009634	Mishi Kobe Niku	97.00	126	1
Seafood	1	0009635	Ikura	31.00	402	1
Dairy Products	1	0009636	Queso Cabrales	21.00	235	1
Dairy Products	1	0009637	Queso Manchego La Pastora	38.00	395	1
Seafood	1	0009638	Konbu	6.00	263	1
Produce	1	0009639	Tofu	23.25	226	1
Condiments	1	0009640	Genen Shouyu	15.50	304	1
Confections	1	0009641	Pavlova	17.45	41	1
Meat/Poultry	1	0009642	Alice Mutton	39.00	130	1
Seafood	1	0009643	Carnarvon Tigers	62.50	414	1
Confections	1	0009644	Teatime Chocolate Biscuits	9.20	397	0
Confections	1	0009645	Sir Rodney's Marmalade	81.00	266	1
Confections	1	0009646	Sir Rodney's Scones	10.00	313	1
Grains/Cereals	1	0009647	Gustaf's Knäckebröd	21.00	481	1
Grains/Cereals	1	0009648	Tunnbröd	9.00	28	1
Beverages	1	0009649	Guaraná Fantástica	4.50	204	1
Confections	1	0009650	NuNuCa Nuß-Nougat-Creme	14.00	121	1
Confections	1	0009651	Gumbär Gummibärchen	31.23	4	0
Confections	1	0009652	Schoggi Schokolade	43.90	105	1
Produce	1	0009653	Rössle Sauerkraut	45.60	235	1
Meat/Poultry	1	0009654	Thüringer Rostbratwurst	123.79	35	1
Seafood	1	0009655	Nord-Ost Matjeshering	25.89	122	1
Dairy Products	1	0009656	Gorgonzola Telino	12.50	49	1
Dairy Products	1	0009657	Mascarpone Fabioli	32.00	425	1
Dairy Products	1	0009658	Geitost	2.50	88	1
Beverages	1	0009659	Sasquatch Ale	14.00	160	1
Beverages	1	0009660	Steeleye Stout	18.00	192	1
Seafood	1	0009661	Inlagd Sill	19.00	81	1
Seafood	1	0009662	Gravad lax	26.00	274	1
Beverages	1	0009663	Côte de Blaye	263.50	407	1
Beverages	1	0009664	Chartreuse verte	18.00	281	0
Seafood	1	0009665	Boston Crab Meat	18.40	39	1
Seafood	1	0009666	Jack's New England Clam Chowder	9.65	267	1
Grains/Cereals	1	0009667	Singaporean Hokkien Fried Mee	14.00	210	1
Beverages	1	0009668	Ipoh Coffee	46.00	121	1
Condiments	1	0009669	Gula Malacca	19.45	348	1
Seafood	1	0009670	Rogede sild	9.50	245	1
Seafood	1	0009671	Spegesild	12.00	307	1
Confections	0	0009672	Zaanse koeken	9.50	303	1
Confections	1	0009673	Chocolade	12.75	219	1
Confections	1	0009674	Maxilaku	20.00	11	0
Confections	1	0009675	Valkoinen suklaa	16.25	357	1
Produce	1	0009676	Manjimup Dried Apples	53.00	494	1
Grains/Cereals	1	0009677	Filo Mix	7.00	58	0
Meat/Poultry	1	0009678	Perth Pasties	32.80	186	1
Meat/Poultry	1	0009679	Tourtière	7.45	334	0
Meat/Poultry	1	0009680	Pâté chinois	24.00	164	1
Grains/Cereals	1	0009681	Gnocchi di nonna Alice	38.00	3	1
Grains/Cereals	1	0009682	Ravioli Angelo	19.50	56	1
Seafood	1	0009683	Escargots de Bourgogne	13.25	41	1
Dairy Products	1	0009684	Raclette Courdavault	55.00	155	1
Dairy Products	1	0009685	Camembert Pierrot	34.00	215	1
Condiments	1	0009686	Sirop d'érable	28.50	202	1
Confections	1	0009687	Tarte au sucre	49.30	58	1
Condiments	1	0009688	Vegie-spread	43.90	255	1
Grains/Cereals	1	0009689	Wimmers gute Semmelknödel	33.25	375	1
Condiments	1	0009690	Louisiana Fiery Hot Pepper Sauce	21.05	386	1
Condiments	1	0009691	Louisiana Hot Spiced Okra	17.00	384	1
Beverages	1	0009692	Laughing Lumberjack Lager	14.00	299	1
Confections	1	0009693	Scottish Longbreads	12.50	379	1
Dairy Products	1	0009694	Gudbrandsdalsost	36.00	472	1
Beverages	1	0009695	Outback Lager	15.00	481	1
Dairy Products	1	0009696	Flotemysost	21.50	106	1
Dairy Products	1	0009697	Mozzarella di Giovanni	34.80	433	1
Seafood	1	0009698	Röd Kaviar	15.00	146	1
Produce	1	0009699	Longlife Tofu	10.00	373	0
Beverages	1	0009700	Rhönbräu Klosterbier	7.75	474	1
Beverages	1	0009701	Lakkalikööri	18.00	341	1
Condiments	1	0009702	Original Frankfurter grüne Soße	13.00	152	1
Beverages	1	0009703	Chai	18.00	90	1
Beverages	1	0009704	Chang	19.00	111	1
Condiments	0	0009705	Aniseed Syrup	10.00	56	1
Condiments	1	0009706	Chef Anton's Cajun Seasoning	22.00	398	1
Condiments	1	0009707	Chef Anton's Gumbo Mix	21.35	320	1
Condiments	1	0009708	Grandma's Boysenberry Spread	25.00	151	1
Produce	1	0009709	Uncle Bob's Organic Dried Pears	30.00	203	1
Condiments	1	0009710	Northwoods Cranberry Sauce	40.00	106	1
Meat/Poultry	1	0009711	Mishi Kobe Niku	97.00	245	1
Seafood	1	0009712	Ikura	31.00	160	1
Dairy Products	1	0009713	Queso Cabrales	21.00	198	1
Dairy Products	1	0009714	Queso Manchego La Pastora	38.00	474	1
Seafood	1	0009715	Konbu	6.00	286	1
Produce	1	0009716	Tofu	23.25	14	1
Condiments	1	0009717	Genen Shouyu	15.50	349	1
Confections	1	0009718	Pavlova	17.45	205	1
Meat/Poultry	1	0009719	Alice Mutton	39.00	40	1
Seafood	1	0009720	Carnarvon Tigers	62.50	92	1
Confections	1	0009721	Teatime Chocolate Biscuits	9.20	488	1
Confections	1	0009722	Sir Rodney's Marmalade	81.00	58	1
Confections	1	0009723	Sir Rodney's Scones	10.00	478	1
Grains/Cereals	1	0009724	Gustaf's Knäckebröd	21.00	114	1
Grains/Cereals	1	0009725	Tunnbröd	9.00	135	0
Beverages	1	0009726	Guaraná Fantástica	4.50	351	1
Confections	1	0009727	NuNuCa Nuß-Nougat-Creme	14.00	278	1
Confections	1	0009728	Gumbär Gummibärchen	31.23	80	1
Confections	1	0009729	Schoggi Schokolade	43.90	98	1
Produce	1	0009730	Rössle Sauerkraut	45.60	228	1
Meat/Poultry	1	0009731	Thüringer Rostbratwurst	123.79	484	1
Seafood	1	0009732	Nord-Ost Matjeshering	25.89	423	1
Dairy Products	1	0009733	Gorgonzola Telino	12.50	269	1
Dairy Products	1	0009734	Mascarpone Fabioli	32.00	372	1
Dairy Products	1	0009735	Geitost	2.50	295	1
Beverages	1	0009736	Sasquatch Ale	14.00	314	1
Beverages	1	0009737	Steeleye Stout	18.00	161	1
Seafood	1	0009738	Inlagd Sill	19.00	54	1
Seafood	1	0009739	Gravad lax	26.00	279	1
Beverages	1	0009740	Côte de Blaye	263.50	213	1
Beverages	1	0009741	Chartreuse verte	18.00	283	1
Seafood	1	0009742	Boston Crab Meat	18.40	481	1
Seafood	1	0009743	Jack's New England Clam Chowder	9.65	39	0
Grains/Cereals	1	0009744	Singaporean Hokkien Fried Mee	14.00	350	1
Beverages	1	0009745	Ipoh Coffee	46.00	160	1
Condiments	1	0009746	Gula Malacca	19.45	208	1
Seafood	1	0009747	Rogede sild	9.50	305	1
Seafood	1	0009748	Spegesild	12.00	426	1
Confections	1	0009749	Zaanse koeken	9.50	381	1
Confections	1	0009750	Chocolade	12.75	214	1
Confections	1	0009751	Maxilaku	20.00	111	1
Confections	1	0009752	Valkoinen suklaa	16.25	36	1
Produce	1	0009753	Manjimup Dried Apples	53.00	108	1
Grains/Cereals	1	0009754	Filo Mix	7.00	302	1
Meat/Poultry	1	0009755	Perth Pasties	32.80	27	1
Meat/Poultry	1	0009756	Tourtière	7.45	85	1
Meat/Poultry	1	0009757	Pâté chinois	24.00	106	1
Grains/Cereals	1	0009758	Gnocchi di nonna Alice	38.00	39	0
Grains/Cereals	1	0009759	Ravioli Angelo	19.50	96	1
Seafood	1	0009760	Escargots de Bourgogne	13.25	58	1
Dairy Products	1	0009761	Raclette Courdavault	55.00	353	1
Dairy Products	1	0009762	Camembert Pierrot	34.00	410	1
Condiments	1	0009763	Sirop d'érable	28.50	314	1
Confections	1	0009764	Tarte au sucre	49.30	296	1
Condiments	1	0009765	Vegie-spread	43.90	158	1
Grains/Cereals	1	0009766	Wimmers gute Semmelknödel	33.25	124	1
Condiments	1	0009767	Louisiana Fiery Hot Pepper Sauce	21.05	182	1
Condiments	1	0009768	Louisiana Hot Spiced Okra	17.00	397	1
Beverages	1	0009769	Laughing Lumberjack Lager	14.00	355	1
Confections	1	0009770	Scottish Longbreads	12.50	444	1
Dairy Products	1	0009771	Gudbrandsdalsost	36.00	300	1
Beverages	1	0009772	Outback Lager	15.00	78	1
Dairy Products	1	0009773	Flotemysost	21.50	375	1
Dairy Products	1	0009774	Mozzarella di Giovanni	34.80	74	1
Seafood	1	0009775	Röd Kaviar	15.00	456	1
Produce	1	0009776	Longlife Tofu	10.00	139	1
Beverages	1	0009777	Rhönbräu Klosterbier	7.75	378	1
Beverages	1	0009778	Lakkalikööri	18.00	449	1
Condiments	1	0009779	Original Frankfurter grüne Soße	13.00	462	1
Beverages	1	0009780	Chai	18.00	252	1
Beverages	1	0009781	Chang	19.00	463	1
Condiments	1	0009782	Aniseed Syrup	10.00	93	1
Condiments	1	0009783	Chef Anton's Cajun Seasoning	22.00	19	1
Condiments	1	0009784	Chef Anton's Gumbo Mix	21.35	119	1
Condiments	1	0009785	Grandma's Boysenberry Spread	25.00	132	1
Produce	1	0009786	Uncle Bob's Organic Dried Pears	30.00	395	1
Condiments	1	0009787	Northwoods Cranberry Sauce	40.00	48	1
Meat/Poultry	1	0009788	Mishi Kobe Niku	97.00	26	1
Seafood	1	0009789	Ikura	31.00	395	0
Dairy Products	1	0009790	Queso Cabrales	21.00	266	1
Dairy Products	1	0009791	Queso Manchego La Pastora	38.00	490	1
Seafood	1	0009792	Konbu	6.00	219	1
Produce	1	0009793	Tofu	23.25	451	1
Condiments	1	0009794	Genen Shouyu	15.50	69	1
Confections	1	0009795	Pavlova	17.45	16	1
Meat/Poultry	1	0009796	Alice Mutton	39.00	309	1
Seafood	1	0009797	Carnarvon Tigers	62.50	235	1
Confections	1	0009798	Teatime Chocolate Biscuits	9.20	96	1
Confections	1	0009799	Sir Rodney's Marmalade	81.00	473	1
Confections	1	0009800	Sir Rodney's Scones	10.00	32	1
Grains/Cereals	1	0009801	Gustaf's Knäckebröd	21.00	493	1
Grains/Cereals	1	0009802	Tunnbröd	9.00	219	1
Beverages	1	0009803	Guaraná Fantástica	4.50	69	1
Confections	1	0009804	NuNuCa Nuß-Nougat-Creme	14.00	361	1
Confections	1	0009805	Gumbär Gummibärchen	31.23	470	0
Confections	1	0009806	Schoggi Schokolade	43.90	87	1
Produce	1	0009807	Rössle Sauerkraut	45.60	483	1
Meat/Poultry	1	0009808	Thüringer Rostbratwurst	123.79	268	1
Seafood	1	0009809	Nord-Ost Matjeshering	25.89	117	1
Dairy Products	1	0009810	Gorgonzola Telino	12.50	344	1
Dairy Products	1	0009811	Mascarpone Fabioli	32.00	120	1
Dairy Products	1	0009812	Geitost	2.50	7	1
Beverages	1	0009813	Sasquatch Ale	14.00	332	1
Beverages	1	0009814	Steeleye Stout	18.00	86	1
Seafood	1	0009815	Inlagd Sill	19.00	446	1
Seafood	1	0009816	Gravad lax	26.00	342	1
Beverages	1	0009817	Côte de Blaye	263.50	125	1
Beverages	1	0009818	Chartreuse verte	18.00	3	1
Seafood	1	0009819	Boston Crab Meat	18.40	210	1
Seafood	1	0009820	Jack's New England Clam Chowder	9.65	46	1
Grains/Cereals	1	0009821	Singaporean Hokkien Fried Mee	14.00	218	1
Beverages	1	0009822	Ipoh Coffee	46.00	213	1
Condiments	1	0009823	Gula Malacca	19.45	410	0
Seafood	1	0009824	Rogede sild	9.50	253	1
Seafood	1	0009825	Spegesild	12.00	317	1
Confections	1	0009826	Zaanse koeken	9.50	239	1
Confections	1	0009827	Chocolade	12.75	325	1
Confections	1	0009828	Maxilaku	20.00	47	1
Confections	1	0009829	Valkoinen suklaa	16.25	260	1
Produce	1	0009830	Manjimup Dried Apples	53.00	440	1
Grains/Cereals	1	0009831	Filo Mix	7.00	399	1
Meat/Poultry	1	0009832	Perth Pasties	32.80	162	1
Meat/Poultry	1	0009833	Tourtière	7.45	92	1
Meat/Poultry	1	0009834	Pâté chinois	24.00	89	1
Grains/Cereals	1	0009835	Gnocchi di nonna Alice	38.00	123	1
Grains/Cereals	1	0009836	Ravioli Angelo	19.50	221	1
Seafood	1	0009837	Escargots de Bourgogne	13.25	216	1
Dairy Products	1	0009838	Raclette Courdavault	55.00	291	1
Dairy Products	1	0009839	Camembert Pierrot	34.00	196	1
Condiments	1	0009840	Sirop d'érable	28.50	427	1
Confections	1	0009841	Tarte au sucre	49.30	400	1
Condiments	1	0009842	Vegie-spread	43.90	8	1
Grains/Cereals	1	0009843	Wimmers gute Semmelknödel	33.25	401	1
Condiments	1	0009844	Louisiana Fiery Hot Pepper Sauce	21.05	334	1
Condiments	1	0009845	Louisiana Hot Spiced Okra	17.00	1	1
Beverages	1	0009846	Laughing Lumberjack Lager	14.00	262	1
Confections	1	0009847	Scottish Longbreads	12.50	97	1
Dairy Products	1	0009848	Gudbrandsdalsost	36.00	264	1
Beverages	1	0009849	Outback Lager	15.00	121	1
Dairy Products	1	0009850	Flotemysost	21.50	52	1
Dairy Products	1	0009851	Mozzarella di Giovanni	34.80	195	1
Seafood	1	0009852	Röd Kaviar	15.00	374	1
Produce	1	0009853	Longlife Tofu	10.00	413	1
Beverages	1	0009854	Rhönbräu Klosterbier	7.75	145	1
Beverages	1	0009855	Lakkalikööri	18.00	196	1
Condiments	1	0009856	Original Frankfurter grüne Soße	13.00	283	1
Beverages	1	0009857	Chai	18.00	137	0
Beverages	1	0009858	Chang	19.00	11	1
Condiments	1	0009859	Aniseed Syrup	10.00	498	1
Condiments	1	0009860	Chef Anton's Cajun Seasoning	22.00	462	1
Condiments	1	0009861	Chef Anton's Gumbo Mix	21.35	191	1
Condiments	1	0009862	Grandma's Boysenberry Spread	25.00	471	1
Produce	1	0009863	Uncle Bob's Organic Dried Pears	30.00	4	1
Condiments	1	0009864	Northwoods Cranberry Sauce	40.00	463	1
Meat/Poultry	1	0009865	Mishi Kobe Niku	97.00	145	1
Seafood	1	0009866	Ikura	31.00	49	1
Dairy Products	1	0009867	Queso Cabrales	21.00	168	1
Dairy Products	1	0009868	Queso Manchego La Pastora	38.00	410	1
Seafood	1	0009869	Konbu	6.00	19	1
Produce	1	0009870	Tofu	23.25	174	1
Condiments	1	0009871	Genen Shouyu	15.50	486	1
Confections	1	0009872	Pavlova	17.45	145	1
Meat/Poultry	1	0009873	Alice Mutton	39.00	205	1
Seafood	1	0009874	Carnarvon Tigers	62.50	222	1
Confections	1	0009875	Teatime Chocolate Biscuits	9.20	312	1
Confections	1	0009876	Sir Rodney's Marmalade	81.00	209	1
Confections	1	0009877	Sir Rodney's Scones	10.00	436	1
Grains/Cereals	1	0009878	Gustaf's Knäckebröd	21.00	442	0
Grains/Cereals	1	0009879	Tunnbröd	9.00	26	1
Beverages	1	0009880	Guaraná Fantástica	4.50	225	1
Confections	1	0009881	NuNuCa Nuß-Nougat-Creme	14.00	493	1
Confections	1	0009882	Gumbär Gummibärchen	31.23	133	1
Confections	1	0009883	Schoggi Schokolade	43.90	477	1
Produce	1	0009884	Rössle Sauerkraut	45.60	200	1
Meat/Poultry	1	0009885	Thüringer Rostbratwurst	123.79	221	1
Seafood	1	0009886	Nord-Ost Matjeshering	25.89	173	0
Dairy Products	1	0009887	Gorgonzola Telino	12.50	216	1
Dairy Products	1	0009888	Mascarpone Fabioli	32.00	196	1
Dairy Products	1	0009889	Geitost	2.50	288	1
Beverages	1	0009890	Sasquatch Ale	14.00	104	1
Beverages	1	0009891	Steeleye Stout	18.00	494	1
Seafood	1	0009892	Inlagd Sill	19.00	222	1
Seafood	1	0009893	Gravad lax	26.00	452	1
Beverages	1	0009894	Côte de Blaye	263.50	165	1
Beverages	1	0009895	Chartreuse verte	18.00	171	0
Seafood	1	0009896	Boston Crab Meat	18.40	362	1
Seafood	1	0009897	Jack's New England Clam Chowder	9.65	248	1
Grains/Cereals	1	0009898	Singaporean Hokkien Fried Mee	14.00	422	0
Beverages	1	0009899	Ipoh Coffee	46.00	461	1
Condiments	1	0009900	Gula Malacca	19.45	36	1
Seafood	1	0009901	Rogede sild	9.50	300	1
Seafood	1	0009902	Spegesild	12.00	228	1
Confections	1	0009903	Zaanse koeken	9.50	432	1
Confections	1	0009904	Chocolade	12.75	441	1
Confections	1	0009905	Maxilaku	20.00	165	1
Confections	1	0009906	Valkoinen suklaa	16.25	219	1
Produce	1	0009907	Manjimup Dried Apples	53.00	447	1
Grains/Cereals	1	0009908	Filo Mix	7.00	404	1
Meat/Poultry	1	0009909	Perth Pasties	32.80	387	1
Meat/Poultry	1	0009910	Tourtière	7.45	293	1
Meat/Poultry	1	0009911	Pâté chinois	24.00	440	1
Grains/Cereals	1	0009912	Gnocchi di nonna Alice	38.00	197	1
Grains/Cereals	1	0009913	Ravioli Angelo	19.50	113	1
Seafood	0	0009914	Escargots de Bourgogne	13.25	11	1
Dairy Products	1	0009915	Raclette Courdavault	55.00	72	1
Dairy Products	1	0009916	Camembert Pierrot	34.00	307	1
Condiments	1	0009917	Sirop d'érable	28.50	312	1
Confections	1	0009918	Tarte au sucre	49.30	150	0
Condiments	1	0009919	Vegie-spread	43.90	188	1
Grains/Cereals	1	0009920	Wimmers gute Semmelknödel	33.25	362	1
Condiments	1	0009921	Louisiana Fiery Hot Pepper Sauce	21.05	192	1
Condiments	1	0009922	Louisiana Hot Spiced Okra	17.00	110	0
Beverages	1	0009923	Laughing Lumberjack Lager	14.00	26	1
Confections	1	0009924	Scottish Longbreads	12.50	110	1
Dairy Products	1	0009925	Gudbrandsdalsost	36.00	108	1
Beverages	1	0009926	Outback Lager	15.00	260	1
Dairy Products	1	0009927	Flotemysost	21.50	378	1
Dairy Products	1	0009928	Mozzarella di Giovanni	34.80	275	1
Seafood	1	0009929	Röd Kaviar	15.00	100	1
Produce	1	0009930	Longlife Tofu	10.00	215	1
Beverages	1	0009931	Rhönbräu Klosterbier	7.75	380	1
Beverages	1	0009932	Lakkalikööri	18.00	112	1
Condiments	1	0009933	Original Frankfurter grüne Soße	13.00	154	1
Beverages	1	0009934	Chai	18.00	236	1
Beverages	1	0009935	Chang	19.00	211	1
Condiments	1	0009936	Aniseed Syrup	10.00	482	1
Condiments	1	0009937	Chef Anton's Cajun Seasoning	22.00	356	1
Condiments	1	0009938	Chef Anton's Gumbo Mix	21.35	465	1
Condiments	1	0009939	Grandma's Boysenberry Spread	25.00	250	1
Produce	1	0009940	Uncle Bob's Organic Dried Pears	30.00	253	1
Condiments	1	0009941	Northwoods Cranberry Sauce	40.00	313	1
Meat/Poultry	1	0009942	Mishi Kobe Niku	97.00	122	1
Seafood	1	0009943	Ikura	31.00	364	1
Dairy Products	1	0009944	Queso Cabrales	21.00	434	1
Dairy Products	1	0009945	Queso Manchego La Pastora	38.00	403	1
Seafood	1	0009946	Konbu	6.00	14	1
Produce	1	0009947	Tofu	23.25	243	1
Condiments	1	0009948	Genen Shouyu	15.50	243	1
Confections	1	0009949	Pavlova	17.45	76	1
Meat/Poultry	1	0009950	Alice Mutton	39.00	215	1
Seafood	1	0009951	Carnarvon Tigers	62.50	305	1
Confections	1	0009952	Teatime Chocolate Biscuits	9.20	45	1
Confections	1	0009953	Sir Rodney's Marmalade	81.00	392	1
Confections	1	0009954	Sir Rodney's Scones	10.00	30	1
Grains/Cereals	1	0009955	Gustaf's Knäckebröd	21.00	16	1
Grains/Cereals	1	0009956	Tunnbröd	9.00	435	0
Beverages	1	0009957	Guaraná Fantástica	4.50	209	0
Confections	1	0009958	NuNuCa Nuß-Nougat-Creme	14.00	259	1
Confections	1	0009959	Gumbär Gummibärchen	31.23	369	1
Confections	1	0009960	Schoggi Schokolade	43.90	490	1
Produce	1	0009961	Rössle Sauerkraut	45.60	216	1
Meat/Poultry	1	0009962	Thüringer Rostbratwurst	123.79	92	1
Seafood	1	0009963	Nord-Ost Matjeshering	25.89	66	1
Dairy Products	1	0009964	Gorgonzola Telino	12.50	16	1
Dairy Products	1	0009965	Mascarpone Fabioli	32.00	343	1
Dairy Products	1	0009966	Geitost	2.50	18	1
Beverages	1	0009967	Sasquatch Ale	14.00	292	0
Beverages	1	0009968	Steeleye Stout	18.00	376	1
Seafood	1	0009969	Inlagd Sill	19.00	385	1
Seafood	1	0009970	Gravad lax	26.00	39	1
Beverages	1	0009971	Côte de Blaye	263.50	306	1
Beverages	1	0009972	Chartreuse verte	18.00	204	1
Seafood	1	0009973	Boston Crab Meat	18.40	44	1
Seafood	1	0009974	Jack's New England Clam Chowder	9.65	162	1
Grains/Cereals	1	0009975	Singaporean Hokkien Fried Mee	14.00	229	1
Beverages	1	0009976	Ipoh Coffee	46.00	218	1
Condiments	1	0009977	Gula Malacca	19.45	240	1
Seafood	1	0009978	Rogede sild	9.50	261	1
Seafood	1	0009979	Spegesild	12.00	261	1
Confections	1	0009980	Zaanse koeken	9.50	368	0
Confections	1	0009981	Chocolade	12.75	204	1
Confections	1	0009982	Maxilaku	20.00	426	1
Confections	1	0009983	Valkoinen suklaa	16.25	362	1
Produce	1	0009984	Manjimup Dried Apples	53.00	364	1
Grains/Cereals	1	0009985	Filo Mix	7.00	500	1
Meat/Poultry	1	0009986	Perth Pasties	32.80	269	1
Meat/Poultry	1	0009987	Tourtière	7.45	367	1
Meat/Poultry	1	0009988	Pâté chinois	24.00	118	1
Grains/Cereals	0	0009989	Gnocchi di nonna Alice	38.00	360	1
Grains/Cereals	1	0009990	Ravioli Angelo	19.50	146	1
Seafood	1	0009991	Escargots de Bourgogne	13.25	429	1
Dairy Products	1	0009992	Raclette Courdavault	55.00	273	1
Dairy Products	1	0009993	Camembert Pierrot	34.00	34	1
Condiments	1	0009994	Sirop d'érable	28.50	110	1
Confections	1	0009995	Tarte au sucre	49.30	192	1
Condiments	1	0009996	Vegie-spread	43.90	230	1
Grains/Cereals	1	0009997	Wimmers gute Semmelknödel	33.25	302	1
Condiments	1	0009998	Louisiana Fiery Hot Pepper Sauce	21.05	375	1
Condiments	1	0009999	Louisiana Hot Spiced Okra	17.00	133	1
Beverages	1	0010000	Laughing Lumberjack Lager	14.00	423	1
Confections	1	0010001	Scottish Longbreads	12.50	310	1
Dairy Products	1	0010002	Gudbrandsdalsost	36.00	476	1
Beverages	1	0010003	Outback Lager	15.00	85	1
Dairy Products	1	0010004	Flotemysost	21.50	258	1
Dairy Products	1	0010005	Mozzarella di Giovanni	34.80	182	1
Seafood	1	0010006	Röd Kaviar	15.00	382	1
Produce	1	0010007	Longlife Tofu	10.00	208	1
Beverages	1	0010008	Rhönbräu Klosterbier	7.75	442	1
Beverages	1	0010009	Lakkalikööri	18.00	104	1
Condiments	1	0010010	Original Frankfurter grüne Soße	13.00	187	1
Beverages	1	0010011	Chai	18.00	4	1
Beverages	1	0010012	Chang	19.00	100	1
Condiments	1	0010013	Aniseed Syrup	10.00	214	1
Condiments	1	0010014	Chef Anton's Cajun Seasoning	22.00	40	1
Condiments	1	0010015	Chef Anton's Gumbo Mix	21.35	479	1
Condiments	1	0010016	Grandma's Boysenberry Spread	25.00	326	1
Produce	1	0010017	Uncle Bob's Organic Dried Pears	30.00	281	1
Condiments	1	0010018	Northwoods Cranberry Sauce	40.00	318	1
Meat/Poultry	1	0010019	Mishi Kobe Niku	97.00	295	1
Seafood	1	0010020	Ikura	31.00	346	1
Dairy Products	1	0010021	Queso Cabrales	21.00	87	1
Dairy Products	1	0010022	Queso Manchego La Pastora	38.00	192	1
Seafood	1	0010023	Konbu	6.00	429	1
Produce	1	0010024	Tofu	23.25	192	1
Condiments	1	0010025	Genen Shouyu	15.50	91	1
Confections	1	0010026	Pavlova	17.45	437	1
Meat/Poultry	1	0010027	Alice Mutton	39.00	272	1
Seafood	1	0010028	Carnarvon Tigers	62.50	280	1
Confections	1	0010029	Teatime Chocolate Biscuits	9.20	374	1
Confections	1	0010030	Sir Rodney's Marmalade	81.00	272	1
Confections	1	0010031	Sir Rodney's Scones	10.00	197	1
Grains/Cereals	1	0010032	Gustaf's Knäckebröd	21.00	310	1
Grains/Cereals	1	0010033	Tunnbröd	9.00	468	1
Beverages	1	0010034	Guaraná Fantástica	4.50	448	1
Confections	1	0010035	NuNuCa Nuß-Nougat-Creme	14.00	430	1
Confections	1	0010036	Gumbär Gummibärchen	31.23	26	1
Confections	1	0010037	Schoggi Schokolade	43.90	52	1
Produce	1	0010038	Rössle Sauerkraut	45.60	79	1
Meat/Poultry	1	0010039	Thüringer Rostbratwurst	123.79	46	1
Seafood	1	0010040	Nord-Ost Matjeshering	25.89	205	1
Dairy Products	1	0010041	Gorgonzola Telino	12.50	170	1
Dairy Products	1	0010042	Mascarpone Fabioli	32.00	100	1
Dairy Products	1	0010043	Geitost	2.50	164	1
Beverages	1	0010044	Sasquatch Ale	14.00	413	1
Beverages	1	0010045	Steeleye Stout	18.00	225	0
Seafood	1	0010046	Inlagd Sill	19.00	51	1
Seafood	1	0010047	Gravad lax	26.00	454	1
Beverages	1	0010048	Côte de Blaye	263.50	281	1
Beverages	1	0010049	Chartreuse verte	18.00	163	1
Seafood	1	0010050	Boston Crab Meat	18.40	362	1
Seafood	1	0010051	Jack's New England Clam Chowder	9.65	156	1
Grains/Cereals	1	0010052	Singaporean Hokkien Fried Mee	14.00	61	1
Beverages	1	0010053	Ipoh Coffee	46.00	94	1
Condiments	1	0010054	Gula Malacca	19.45	208	1
Seafood	1	0010055	Rogede sild	9.50	306	1
Seafood	1	0010056	Spegesild	12.00	213	1
Confections	1	0010057	Zaanse koeken	9.50	316	1
Confections	1	0010058	Chocolade	12.75	11	1
Confections	1	0010059	Maxilaku	20.00	355	1
Confections	1	0010060	Valkoinen suklaa	16.25	194	1
Produce	1	0010061	Manjimup Dried Apples	53.00	30	1
Grains/Cereals	1	0010062	Filo Mix	7.00	435	1
Meat/Poultry	1	0010063	Perth Pasties	32.80	67	1
Meat/Poultry	1	0010064	Tourtière	7.45	409	1
Meat/Poultry	1	0010065	Pâté chinois	24.00	72	1
Grains/Cereals	1	0010066	Gnocchi di nonna Alice	38.00	64	1
Grains/Cereals	1	0010067	Ravioli Angelo	19.50	415	1
Seafood	1	0010068	Escargots de Bourgogne	13.25	205	1
Dairy Products	1	0010069	Raclette Courdavault	55.00	427	1
Dairy Products	1	0010070	Camembert Pierrot	34.00	488	1
Condiments	1	0010071	Sirop d'érable	28.50	323	1
Confections	1	0010072	Tarte au sucre	49.30	477	1
Condiments	1	0010073	Vegie-spread	43.90	5	1
Grains/Cereals	1	0010074	Wimmers gute Semmelknödel	33.25	338	1
Condiments	1	0010075	Louisiana Fiery Hot Pepper Sauce	21.05	479	1
Condiments	1	0010076	Louisiana Hot Spiced Okra	17.00	66	1
Beverages	1	0010077	Laughing Lumberjack Lager	14.00	233	1
Confections	1	0010078	Scottish Longbreads	12.50	74	1
Dairy Products	1	0010079	Gudbrandsdalsost	36.00	338	1
Beverages	1	0010080	Outback Lager	15.00	286	1
Dairy Products	1	0010081	Flotemysost	21.50	65	1
Dairy Products	1	0010082	Mozzarella di Giovanni	34.80	237	1
Seafood	1	0010083	Röd Kaviar	15.00	179	1
Produce	1	0010084	Longlife Tofu	10.00	461	1
Beverages	1	0010085	Rhönbräu Klosterbier	7.75	346	0
Beverages	1	0010086	Lakkalikööri	18.00	411	1
Condiments	1	0010087	Original Frankfurter grüne Soße	13.00	75	1
Beverages	1	0010088	Chai	18.00	204	1
Beverages	0	0010089	Chang	19.00	147	1
Condiments	1	0010090	Aniseed Syrup	10.00	478	1
Condiments	1	0010091	Chef Anton's Cajun Seasoning	22.00	214	1
Condiments	1	0010092	Chef Anton's Gumbo Mix	21.35	453	1
Condiments	1	0010093	Grandma's Boysenberry Spread	25.00	411	1
Produce	1	0010094	Uncle Bob's Organic Dried Pears	30.00	494	1
Condiments	1	0010095	Northwoods Cranberry Sauce	40.00	11	1
Meat/Poultry	1	0010096	Mishi Kobe Niku	97.00	257	1
Seafood	1	0010097	Ikura	31.00	169	1
Dairy Products	1	0010098	Queso Cabrales	21.00	132	1
Dairy Products	1	0010099	Queso Manchego La Pastora	38.00	199	1
Seafood	1	0010100	Konbu	6.00	220	1
Produce	1	0010101	Tofu	23.25	286	1
Condiments	1	0010102	Genen Shouyu	15.50	261	1
Confections	1	0010103	Pavlova	17.45	177	1
Meat/Poultry	1	0010104	Alice Mutton	39.00	500	1
Seafood	1	0010105	Carnarvon Tigers	62.50	37	1
Confections	1	0010106	Teatime Chocolate Biscuits	9.20	26	1
Confections	1	0010107	Sir Rodney's Marmalade	81.00	474	1
Confections	1	0010108	Sir Rodney's Scones	10.00	452	1
Grains/Cereals	1	0010109	Gustaf's Knäckebröd	21.00	372	1
Grains/Cereals	1	0010110	Tunnbröd	9.00	4	1
Beverages	1	0010111	Guaraná Fantástica	4.50	301	1
Confections	1	0010112	NuNuCa Nuß-Nougat-Creme	14.00	462	1
Confections	1	0010113	Gumbär Gummibärchen	31.23	315	1
Confections	0	0010114	Schoggi Schokolade	43.90	106	1
Produce	1	0010115	Rössle Sauerkraut	45.60	373	1
Meat/Poultry	1	0010116	Thüringer Rostbratwurst	123.79	300	1
Seafood	1	0010117	Nord-Ost Matjeshering	25.89	373	1
Dairy Products	1	0010118	Gorgonzola Telino	12.50	367	1
Dairy Products	1	0010119	Mascarpone Fabioli	32.00	301	1
Dairy Products	1	0010120	Geitost	2.50	235	1
Beverages	1	0010121	Sasquatch Ale	14.00	490	1
Beverages	1	0010122	Steeleye Stout	18.00	65	1
Seafood	1	0010123	Inlagd Sill	19.00	451	1
Seafood	1	0010124	Gravad lax	26.00	242	1
Beverages	1	0010125	Côte de Blaye	263.50	288	1
Beverages	1	0010126	Chartreuse verte	18.00	336	1
Seafood	1	0010127	Boston Crab Meat	18.40	413	1
Seafood	1	0010128	Jack's New England Clam Chowder	9.65	388	1
Grains/Cereals	1	0010129	Singaporean Hokkien Fried Mee	14.00	270	1
Beverages	1	0010130	Ipoh Coffee	46.00	409	1
Condiments	1	0010131	Gula Malacca	19.45	76	1
Seafood	1	0010132	Rogede sild	9.50	396	1
Seafood	1	0010133	Spegesild	12.00	339	1
Confections	1	0010134	Zaanse koeken	9.50	269	1
Confections	1	0010135	Chocolade	12.75	461	1
Confections	0	0010136	Maxilaku	20.00	269	1
Confections	1	0010137	Valkoinen suklaa	16.25	107	1
Produce	1	0010138	Manjimup Dried Apples	53.00	263	1
Grains/Cereals	1	0010139	Filo Mix	7.00	152	1
Meat/Poultry	1	0010140	Perth Pasties	32.80	248	1
Meat/Poultry	1	0010141	Tourtière	7.45	257	1
Meat/Poultry	0	0010142	Pâté chinois	24.00	142	1
Grains/Cereals	1	0010143	Gnocchi di nonna Alice	38.00	245	1
Grains/Cereals	1	0010144	Ravioli Angelo	19.50	294	1
Seafood	1	0010145	Escargots de Bourgogne	13.25	171	1
Dairy Products	1	0010146	Raclette Courdavault	55.00	325	1
Dairy Products	1	0010147	Camembert Pierrot	34.00	165	1
Condiments	1	0010148	Sirop d'érable	28.50	363	1
Confections	1	0010149	Tarte au sucre	49.30	472	1
Condiments	1	0010150	Vegie-spread	43.90	140	1
Grains/Cereals	1	0010151	Wimmers gute Semmelknödel	33.25	141	1
Condiments	1	0010152	Louisiana Fiery Hot Pepper Sauce	21.05	361	1
Condiments	1	0010153	Louisiana Hot Spiced Okra	17.00	197	1
Beverages	1	0010154	Laughing Lumberjack Lager	14.00	80	1
Confections	1	0010155	Scottish Longbreads	12.50	61	1
Dairy Products	1	0010156	Gudbrandsdalsost	36.00	404	1
Beverages	1	0010157	Outback Lager	15.00	131	1
Dairy Products	1	0010158	Flotemysost	21.50	208	1
Dairy Products	1	0010159	Mozzarella di Giovanni	34.80	392	1
Seafood	1	0010160	Röd Kaviar	15.00	159	1
Produce	1	0010161	Longlife Tofu	10.00	225	1
Beverages	1	0010162	Rhönbräu Klosterbier	7.75	478	1
Beverages	1	0010163	Lakkalikööri	18.00	25	1
Condiments	1	0010164	Original Frankfurter grüne Soße	13.00	377	1
Beverages	1	0010165	Chai	18.00	427	1
Beverages	1	0010166	Chang	19.00	428	1
Condiments	1	0010167	Aniseed Syrup	10.00	167	1
Condiments	1	0010168	Chef Anton's Cajun Seasoning	22.00	79	1
Condiments	1	0010169	Chef Anton's Gumbo Mix	21.35	64	1
Condiments	1	0010170	Grandma's Boysenberry Spread	25.00	405	1
Produce	1	0010171	Uncle Bob's Organic Dried Pears	30.00	339	1
Condiments	1	0010172	Northwoods Cranberry Sauce	40.00	210	1
Meat/Poultry	1	0010173	Mishi Kobe Niku	97.00	266	1
Seafood	1	0010174	Ikura	31.00	355	1
Dairy Products	1	0010175	Queso Cabrales	21.00	324	1
Dairy Products	1	0010176	Queso Manchego La Pastora	38.00	140	1
Seafood	0	0010177	Konbu	6.00	465	1
Produce	1	0010178	Tofu	23.25	429	0
Condiments	1	0010179	Genen Shouyu	15.50	224	1
Confections	1	0010180	Pavlova	17.45	451	1
Meat/Poultry	1	0010181	Alice Mutton	39.00	382	1
Seafood	1	0010182	Carnarvon Tigers	62.50	167	1
Confections	1	0010183	Teatime Chocolate Biscuits	9.20	8	1
Confections	1	0010184	Sir Rodney's Marmalade	81.00	456	1
Confections	1	0010185	Sir Rodney's Scones	10.00	223	1
Grains/Cereals	1	0010186	Gustaf's Knäckebröd	21.00	382	1
Grains/Cereals	1	0010187	Tunnbröd	9.00	358	1
Beverages	1	0010188	Guaraná Fantástica	4.50	322	1
Confections	1	0010189	NuNuCa Nuß-Nougat-Creme	14.00	473	1
Confections	1	0010190	Gumbär Gummibärchen	31.23	319	1
Confections	1	0010191	Schoggi Schokolade	43.90	353	1
Produce	1	0010192	Rössle Sauerkraut	45.60	178	1
Meat/Poultry	1	0010193	Thüringer Rostbratwurst	123.79	473	1
Seafood	1	0010194	Nord-Ost Matjeshering	25.89	186	1
Dairy Products	1	0010195	Gorgonzola Telino	12.50	43	1
Dairy Products	1	0010196	Mascarpone Fabioli	32.00	496	1
Dairy Products	1	0010197	Geitost	2.50	401	1
Beverages	1	0010198	Sasquatch Ale	14.00	285	1
Beverages	1	0010199	Steeleye Stout	18.00	254	0
Seafood	1	0010200	Inlagd Sill	19.00	281	1
Seafood	1	0010201	Gravad lax	26.00	197	1
Beverages	1	0010202	Côte de Blaye	263.50	482	1
Beverages	1	0010203	Chartreuse verte	18.00	328	1
Seafood	1	0010204	Boston Crab Meat	18.40	202	1
Seafood	0	0010205	Jack's New England Clam Chowder	9.65	397	1
Grains/Cereals	1	0010206	Singaporean Hokkien Fried Mee	14.00	425	1
Beverages	1	0010207	Ipoh Coffee	46.00	457	1
Condiments	1	0010208	Gula Malacca	19.45	51	1
Seafood	1	0010209	Rogede sild	9.50	247	1
Seafood	1	0010210	Spegesild	12.00	293	1
Confections	1	0010211	Zaanse koeken	9.50	49	1
Confections	1	0010212	Chocolade	12.75	84	1
Confections	1	0010213	Maxilaku	20.00	219	1
Confections	1	0010214	Valkoinen suklaa	16.25	91	1
Produce	1	0010215	Manjimup Dried Apples	53.00	125	1
Grains/Cereals	1	0010216	Filo Mix	7.00	339	1
Meat/Poultry	1	0010217	Perth Pasties	32.80	227	1
Meat/Poultry	1	0010218	Tourtière	7.45	163	1
Meat/Poultry	1	0010219	Pâté chinois	24.00	9	0
Grains/Cereals	1	0010220	Gnocchi di nonna Alice	38.00	313	1
Grains/Cereals	1	0010221	Ravioli Angelo	19.50	107	1
Seafood	1	0010222	Escargots de Bourgogne	13.25	392	1
Dairy Products	1	0010223	Raclette Courdavault	55.00	252	1
Dairy Products	1	0010224	Camembert Pierrot	34.00	409	1
Condiments	1	0010225	Sirop d'érable	28.50	371	1
Confections	0	0010226	Tarte au sucre	49.30	393	1
Condiments	1	0010227	Vegie-spread	43.90	249	1
Grains/Cereals	1	0010228	Wimmers gute Semmelknödel	33.25	123	1
Condiments	1	0010229	Louisiana Fiery Hot Pepper Sauce	21.05	107	1
Condiments	1	0010230	Louisiana Hot Spiced Okra	17.00	63	1
Beverages	1	0010231	Laughing Lumberjack Lager	14.00	56	1
Confections	1	0010232	Scottish Longbreads	12.50	129	1
Dairy Products	1	0010233	Gudbrandsdalsost	36.00	392	1
Beverages	1	0010234	Outback Lager	15.00	123	1
Dairy Products	1	0010235	Flotemysost	21.50	337	1
Dairy Products	1	0010236	Mozzarella di Giovanni	34.80	68	1
Seafood	1	0010237	Röd Kaviar	15.00	239	1
Produce	1	0010238	Longlife Tofu	10.00	130	1
Beverages	1	0010239	Rhönbräu Klosterbier	7.75	331	1
Beverages	1	0010240	Lakkalikööri	18.00	158	1
Condiments	1	0010241	Original Frankfurter grüne Soße	13.00	448	1
Beverages	1	0010242	Chai	18.00	317	1
Beverages	1	0010243	Chang	19.00	440	1
Condiments	1	0010244	Aniseed Syrup	10.00	190	1
Condiments	1	0010245	Chef Anton's Cajun Seasoning	22.00	396	0
Condiments	1	0010246	Chef Anton's Gumbo Mix	21.35	495	1
Condiments	1	0010247	Grandma's Boysenberry Spread	25.00	306	1
Produce	1	0010248	Uncle Bob's Organic Dried Pears	30.00	475	1
Condiments	1	0010249	Northwoods Cranberry Sauce	40.00	206	1
Meat/Poultry	1	0010250	Mishi Kobe Niku	97.00	465	1
Seafood	1	0010251	Ikura	31.00	321	1
Dairy Products	1	0010252	Queso Cabrales	21.00	210	1
Dairy Products	1	0010253	Queso Manchego La Pastora	38.00	376	1
Seafood	1	0010254	Konbu	6.00	154	1
Produce	1	0010255	Tofu	23.25	238	1
Condiments	1	0010256	Genen Shouyu	15.50	303	1
Confections	1	0010257	Pavlova	17.45	366	1
Meat/Poultry	1	0010258	Alice Mutton	39.00	252	1
Seafood	1	0010259	Carnarvon Tigers	62.50	414	1
Confections	1	0010260	Teatime Chocolate Biscuits	9.20	498	1
Confections	1	0010261	Sir Rodney's Marmalade	81.00	365	1
Confections	1	0010262	Sir Rodney's Scones	10.00	21	1
Grains/Cereals	1	0010263	Gustaf's Knäckebröd	21.00	480	1
Grains/Cereals	1	0010264	Tunnbröd	9.00	206	1
Beverages	1	0010265	Guaraná Fantástica	4.50	97	1
Confections	1	0010266	NuNuCa Nuß-Nougat-Creme	14.00	9	1
Confections	1	0010267	Gumbär Gummibärchen	31.23	347	1
Confections	1	0010268	Schoggi Schokolade	43.90	388	1
Produce	1	0010269	Rössle Sauerkraut	45.60	481	1
Meat/Poultry	1	0010270	Thüringer Rostbratwurst	123.79	330	1
Seafood	1	0010271	Nord-Ost Matjeshering	25.89	278	0
Dairy Products	1	0010272	Gorgonzola Telino	12.50	483	1
Dairy Products	1	0010273	Mascarpone Fabioli	32.00	50	1
Dairy Products	1	0010274	Geitost	2.50	56	1
Beverages	1	0010275	Sasquatch Ale	14.00	414	1
Beverages	1	0010276	Steeleye Stout	18.00	394	1
Seafood	1	0010277	Inlagd Sill	19.00	227	1
Seafood	1	0010278	Gravad lax	26.00	101	1
Beverages	1	0010279	Côte de Blaye	263.50	122	1
Beverages	1	0010280	Chartreuse verte	18.00	182	1
Seafood	1	0010281	Boston Crab Meat	18.40	23	1
Seafood	1	0010282	Jack's New England Clam Chowder	9.65	68	1
Grains/Cereals	1	0010283	Singaporean Hokkien Fried Mee	14.00	398	1
Beverages	1	0010284	Ipoh Coffee	46.00	410	1
Condiments	1	0010285	Gula Malacca	19.45	99	1
Seafood	1	0010286	Rogede sild	9.50	97	1
Seafood	1	0010287	Spegesild	12.00	438	1
Confections	1	0010288	Zaanse koeken	9.50	158	1
Confections	1	0010289	Chocolade	12.75	207	1
Confections	1	0010290	Maxilaku	20.00	160	1
Confections	1	0010291	Valkoinen suklaa	16.25	290	1
Produce	1	0010292	Manjimup Dried Apples	53.00	452	1
Grains/Cereals	1	0010293	Filo Mix	7.00	266	1
Meat/Poultry	1	0010294	Perth Pasties	32.80	393	1
Meat/Poultry	1	0010295	Tourtière	7.45	5	1
Meat/Poultry	1	0010296	Pâté chinois	24.00	344	1
Grains/Cereals	1	0010297	Gnocchi di nonna Alice	38.00	396	1
Grains/Cereals	1	0010298	Ravioli Angelo	19.50	287	1
Seafood	1	0010299	Escargots de Bourgogne	13.25	12	1
Dairy Products	1	0010300	Raclette Courdavault	55.00	175	1
Dairy Products	1	0010301	Camembert Pierrot	34.00	212	1
Condiments	1	0010302	Sirop d'érable	28.50	414	1
Confections	1	0010303	Tarte au sucre	49.30	398	1
Condiments	1	0010304	Vegie-spread	43.90	259	1
Grains/Cereals	1	0010305	Wimmers gute Semmelknödel	33.25	219	1
Condiments	1	0010306	Louisiana Fiery Hot Pepper Sauce	21.05	414	1
Condiments	1	0010307	Louisiana Hot Spiced Okra	17.00	100	1
Beverages	1	0010308	Laughing Lumberjack Lager	14.00	135	1
Confections	1	0010309	Scottish Longbreads	12.50	443	1
Dairy Products	1	0010310	Gudbrandsdalsost	36.00	472	1
Beverages	1	0010311	Outback Lager	15.00	328	1
Dairy Products	1	0010312	Flotemysost	21.50	75	1
Dairy Products	1	0010313	Mozzarella di Giovanni	34.80	442	1
Seafood	1	0010314	Röd Kaviar	15.00	388	1
Produce	1	0010315	Longlife Tofu	10.00	322	1
Beverages	1	0010316	Rhönbräu Klosterbier	7.75	190	1
Beverages	1	0010317	Lakkalikööri	18.00	351	1
Condiments	1	0010318	Original Frankfurter grüne Soße	13.00	473	1
Beverages	1	0010319	Chai	18.00	408	1
Beverages	1	0010320	Chang	19.00	435	1
Condiments	1	0010321	Aniseed Syrup	10.00	43	1
Condiments	1	0010322	Chef Anton's Cajun Seasoning	22.00	96	1
Condiments	1	0010323	Chef Anton's Gumbo Mix	21.35	173	0
Condiments	1	0010324	Grandma's Boysenberry Spread	25.00	422	1
Produce	1	0010325	Uncle Bob's Organic Dried Pears	30.00	353	1
Condiments	1	0010326	Northwoods Cranberry Sauce	40.00	487	1
Meat/Poultry	1	0010327	Mishi Kobe Niku	97.00	399	1
Seafood	1	0010328	Ikura	31.00	143	1
Dairy Products	1	0010329	Queso Cabrales	21.00	133	1
Dairy Products	1	0010330	Queso Manchego La Pastora	38.00	14	1
Seafood	1	0010331	Konbu	6.00	267	1
Produce	1	0010332	Tofu	23.25	136	1
Condiments	1	0010333	Genen Shouyu	15.50	56	1
Confections	1	0010334	Pavlova	17.45	106	1
Meat/Poultry	1	0010335	Alice Mutton	39.00	0	0
Seafood	1	0010336	Carnarvon Tigers	62.50	202	1
Confections	1	0010337	Teatime Chocolate Biscuits	9.20	247	1
Confections	1	0010338	Sir Rodney's Marmalade	81.00	215	1
Confections	1	0010339	Sir Rodney's Scones	10.00	55	1
Grains/Cereals	1	0010340	Gustaf's Knäckebröd	21.00	238	1
Grains/Cereals	1	0010341	Tunnbröd	9.00	191	1
Beverages	0	0010342	Guaraná Fantástica	4.50	247	1
Confections	1	0010343	NuNuCa Nuß-Nougat-Creme	14.00	213	1
Confections	1	0010344	Gumbär Gummibärchen	31.23	75	1
Confections	1	0010345	Schoggi Schokolade	43.90	432	1
Produce	1	0010346	Rössle Sauerkraut	45.60	336	1
Meat/Poultry	1	0010347	Thüringer Rostbratwurst	123.79	416	1
Seafood	1	0010348	Nord-Ost Matjeshering	25.89	453	0
Dairy Products	1	0010349	Gorgonzola Telino	12.50	432	1
Dairy Products	1	0010350	Mascarpone Fabioli	32.00	205	1
Dairy Products	1	0010351	Geitost	2.50	152	1
Beverages	1	0010352	Sasquatch Ale	14.00	205	1
Beverages	1	0010353	Steeleye Stout	18.00	350	1
Seafood	1	0010354	Inlagd Sill	19.00	10	1
Seafood	1	0010355	Gravad lax	26.00	407	1
Beverages	1	0010356	Côte de Blaye	263.50	289	0
Beverages	1	0010357	Chartreuse verte	18.00	330	1
Seafood	0	0010358	Boston Crab Meat	18.40	172	1
Seafood	1	0010359	Jack's New England Clam Chowder	9.65	361	1
Grains/Cereals	1	0010360	Singaporean Hokkien Fried Mee	14.00	27	1
Beverages	1	0010361	Ipoh Coffee	46.00	442	1
Condiments	1	0010362	Gula Malacca	19.45	96	1
Seafood	1	0010363	Rogede sild	9.50	296	1
Seafood	1	0010364	Spegesild	12.00	236	1
Confections	1	0010365	Zaanse koeken	9.50	170	1
Confections	1	0010366	Chocolade	12.75	127	1
Confections	1	0010367	Maxilaku	20.00	70	1
Confections	1	0010368	Valkoinen suklaa	16.25	87	1
Produce	1	0010369	Manjimup Dried Apples	53.00	89	0
Grains/Cereals	1	0010370	Filo Mix	7.00	475	1
Meat/Poultry	1	0010371	Perth Pasties	32.80	261	1
Meat/Poultry	1	0010372	Tourtière	7.45	263	1
Meat/Poultry	0	0010373	Pâté chinois	24.00	475	1
Grains/Cereals	1	0010374	Gnocchi di nonna Alice	38.00	188	1
Grains/Cereals	1	0010375	Ravioli Angelo	19.50	423	1
Seafood	1	0010376	Escargots de Bourgogne	13.25	318	1
Dairy Products	1	0010377	Raclette Courdavault	55.00	185	0
Dairy Products	1	0010378	Camembert Pierrot	34.00	167	1
Condiments	1	0010379	Sirop d'érable	28.50	173	1
Confections	1	0010380	Tarte au sucre	49.30	111	1
Condiments	1	0010381	Vegie-spread	43.90	62	1
Grains/Cereals	1	0010382	Wimmers gute Semmelknödel	33.25	41	1
Condiments	1	0010383	Louisiana Fiery Hot Pepper Sauce	21.05	391	1
Condiments	1	0010384	Louisiana Hot Spiced Okra	17.00	125	1
Beverages	1	0010385	Laughing Lumberjack Lager	14.00	188	1
Confections	1	0010386	Scottish Longbreads	12.50	361	1
Dairy Products	1	0010387	Gudbrandsdalsost	36.00	477	1
Beverages	1	0010388	Outback Lager	15.00	441	1
Dairy Products	1	0010389	Flotemysost	21.50	475	1
Dairy Products	1	0010390	Mozzarella di Giovanni	34.80	358	1
Seafood	1	0010391	Röd Kaviar	15.00	210	0
Produce	1	0010392	Longlife Tofu	10.00	457	1
Beverages	1	0010393	Rhönbräu Klosterbier	7.75	129	1
Beverages	1	0010394	Lakkalikööri	18.00	2	1
Condiments	1	0010395	Original Frankfurter grüne Soße	13.00	129	1
Beverages	1	0010396	Chai	18.00	324	1
Beverages	1	0010397	Chang	19.00	106	1
Condiments	1	0010398	Aniseed Syrup	10.00	132	1
Condiments	1	0010399	Chef Anton's Cajun Seasoning	22.00	391	1
Condiments	1	0010400	Chef Anton's Gumbo Mix	21.35	443	1
Condiments	1	0010401	Grandma's Boysenberry Spread	25.00	4	1
Produce	1	0010402	Uncle Bob's Organic Dried Pears	30.00	166	1
Condiments	1	0010403	Northwoods Cranberry Sauce	40.00	365	1
Meat/Poultry	1	0010404	Mishi Kobe Niku	97.00	232	1
Seafood	1	0010405	Ikura	31.00	119	1
Dairy Products	1	0010406	Queso Cabrales	21.00	241	1
Dairy Products	1	0010407	Queso Manchego La Pastora	38.00	115	0
Seafood	1	0010408	Konbu	6.00	215	1
Produce	1	0010409	Tofu	23.25	231	1
Condiments	1	0010410	Genen Shouyu	15.50	255	1
Confections	1	0010411	Pavlova	17.45	444	1
Meat/Poultry	1	0010412	Alice Mutton	39.00	154	1
Seafood	1	0010413	Carnarvon Tigers	62.50	439	1
Confections	1	0010414	Teatime Chocolate Biscuits	9.20	447	1
Confections	1	0010415	Sir Rodney's Marmalade	81.00	111	1
Confections	1	0010416	Sir Rodney's Scones	10.00	176	1
Grains/Cereals	1	0010417	Gustaf's Knäckebröd	21.00	432	1
Grains/Cereals	1	0010418	Tunnbröd	9.00	232	1
Beverages	1	0010419	Guaraná Fantástica	4.50	456	1
Confections	1	0010420	NuNuCa Nuß-Nougat-Creme	14.00	367	1
Confections	1	0010421	Gumbär Gummibärchen	31.23	211	1
Confections	1	0010422	Schoggi Schokolade	43.90	26	1
Produce	1	0010423	Rössle Sauerkraut	45.60	242	1
Meat/Poultry	1	0010424	Thüringer Rostbratwurst	123.79	185	1
Seafood	1	0010425	Nord-Ost Matjeshering	25.89	214	1
Dairy Products	1	0010426	Gorgonzola Telino	12.50	289	1
Dairy Products	1	0010427	Mascarpone Fabioli	32.00	198	1
Dairy Products	1	0010428	Geitost	2.50	259	1
Beverages	1	0010429	Sasquatch Ale	14.00	348	1
Beverages	1	0010430	Steeleye Stout	18.00	5	1
Seafood	1	0010431	Inlagd Sill	19.00	350	1
Seafood	1	0010432	Gravad lax	26.00	379	1
Beverages	1	0010433	Côte de Blaye	263.50	194	1
Beverages	1	0010434	Chartreuse verte	18.00	93	1
Seafood	1	0010435	Boston Crab Meat	18.40	367	1
Seafood	1	0010436	Jack's New England Clam Chowder	9.65	265	1
Grains/Cereals	1	0010437	Singaporean Hokkien Fried Mee	14.00	280	1
Beverages	1	0010438	Ipoh Coffee	46.00	441	1
Condiments	1	0010439	Gula Malacca	19.45	233	1
Seafood	1	0010440	Rogede sild	9.50	20	1
Seafood	1	0010441	Spegesild	12.00	289	1
Confections	1	0010442	Zaanse koeken	9.50	192	1
Confections	1	0010443	Chocolade	12.75	94	1
Confections	1	0010444	Maxilaku	20.00	472	1
Confections	1	0010445	Valkoinen suklaa	16.25	43	1
Produce	1	0010446	Manjimup Dried Apples	53.00	122	1
Grains/Cereals	1	0010447	Filo Mix	7.00	283	1
Meat/Poultry	1	0010448	Perth Pasties	32.80	338	1
Meat/Poultry	1	0010449	Tourtière	7.45	495	1
Meat/Poultry	1	0010450	Pâté chinois	24.00	147	1
Grains/Cereals	1	0010451	Gnocchi di nonna Alice	38.00	350	1
Grains/Cereals	1	0010452	Ravioli Angelo	19.50	403	1
Seafood	1	0010453	Escargots de Bourgogne	13.25	475	1
Dairy Products	1	0010454	Raclette Courdavault	55.00	11	1
Dairy Products	1	0010455	Camembert Pierrot	34.00	455	1
Condiments	1	0010456	Sirop d'érable	28.50	485	1
Confections	1	0010457	Tarte au sucre	49.30	132	1
Condiments	1	0010458	Vegie-spread	43.90	1	1
Grains/Cereals	1	0010459	Wimmers gute Semmelknödel	33.25	66	1
Condiments	1	0010460	Louisiana Fiery Hot Pepper Sauce	21.05	450	1
Condiments	1	0010461	Louisiana Hot Spiced Okra	17.00	306	1
Beverages	1	0010462	Laughing Lumberjack Lager	14.00	175	1
Confections	1	0010463	Scottish Longbreads	12.50	24	1
Dairy Products	1	0010464	Gudbrandsdalsost	36.00	481	1
Beverages	1	0010465	Outback Lager	15.00	423	1
Dairy Products	1	0010466	Flotemysost	21.50	245	1
Dairy Products	1	0010467	Mozzarella di Giovanni	34.80	54	1
Seafood	1	0010468	Röd Kaviar	15.00	385	1
Produce	1	0010469	Longlife Tofu	10.00	5	1
Beverages	1	0010470	Rhönbräu Klosterbier	7.75	493	1
Beverages	1	0010471	Lakkalikööri	18.00	410	1
Condiments	0	0010472	Original Frankfurter grüne Soße	13.00	227	1
Beverages	1	0010473	Chai	18.00	496	1
Beverages	1	0010474	Chang	19.00	15	1
Condiments	1	0010475	Aniseed Syrup	10.00	487	1
Condiments	1	0010476	Chef Anton's Cajun Seasoning	22.00	491	1
Condiments	1	0010477	Chef Anton's Gumbo Mix	21.35	347	1
Condiments	1	0010478	Grandma's Boysenberry Spread	25.00	302	1
Produce	1	0010479	Uncle Bob's Organic Dried Pears	30.00	127	1
Condiments	1	0010480	Northwoods Cranberry Sauce	40.00	17	1
Meat/Poultry	1	0010481	Mishi Kobe Niku	97.00	496	1
Seafood	1	0010482	Ikura	31.00	205	1
Dairy Products	1	0010483	Queso Cabrales	21.00	487	1
Dairy Products	1	0010484	Queso Manchego La Pastora	38.00	67	1
Seafood	1	0010485	Konbu	6.00	268	1
Produce	1	0010486	Tofu	23.25	453	1
Condiments	1	0010487	Genen Shouyu	15.50	408	1
Confections	1	0010488	Pavlova	17.45	80	1
Meat/Poultry	1	0010489	Alice Mutton	39.00	408	1
Seafood	1	0010490	Carnarvon Tigers	62.50	57	1
Confections	1	0010491	Teatime Chocolate Biscuits	9.20	200	1
Confections	1	0010492	Sir Rodney's Marmalade	81.00	4	1
Confections	1	0010493	Sir Rodney's Scones	10.00	277	1
Grains/Cereals	1	0010494	Gustaf's Knäckebröd	21.00	2	0
Grains/Cereals	0	0010495	Tunnbröd	9.00	21	1
Beverages	1	0010496	Guaraná Fantástica	4.50	173	1
Confections	1	0010497	NuNuCa Nuß-Nougat-Creme	14.00	10	1
Confections	1	0010498	Gumbär Gummibärchen	31.23	360	1
Confections	1	0010499	Schoggi Schokolade	43.90	370	0
Produce	1	0010500	Rössle Sauerkraut	45.60	187	1
Meat/Poultry	1	0010501	Thüringer Rostbratwurst	123.79	141	1
Seafood	1	0010502	Nord-Ost Matjeshering	25.89	337	1
Dairy Products	1	0010503	Gorgonzola Telino	12.50	444	1
Dairy Products	1	0010504	Mascarpone Fabioli	32.00	67	1
Dairy Products	1	0010505	Geitost	2.50	378	1
Beverages	0	0010506	Sasquatch Ale	14.00	87	1
Beverages	1	0010507	Steeleye Stout	18.00	229	1
Seafood	1	0010508	Inlagd Sill	19.00	26	1
Seafood	1	0010509	Gravad lax	26.00	28	1
Beverages	1	0010510	Côte de Blaye	263.50	174	1
Beverages	1	0010511	Chartreuse verte	18.00	480	1
Seafood	1	0010512	Boston Crab Meat	18.40	293	1
Seafood	1	0010513	Jack's New England Clam Chowder	9.65	252	1
Grains/Cereals	1	0010514	Singaporean Hokkien Fried Mee	14.00	284	1
Beverages	1	0010515	Ipoh Coffee	46.00	329	1
Condiments	0	0010516	Gula Malacca	19.45	45	0
Seafood	1	0010517	Rogede sild	9.50	500	1
Seafood	1	0010518	Spegesild	12.00	205	1
Confections	1	0010519	Zaanse koeken	9.50	339	1
Confections	1	0010520	Chocolade	12.75	51	1
Confections	1	0010521	Maxilaku	20.00	48	1
Confections	1	0010522	Valkoinen suklaa	16.25	289	1
Produce	1	0010523	Manjimup Dried Apples	53.00	433	1
Grains/Cereals	1	0010524	Filo Mix	7.00	14	1
Meat/Poultry	1	0010525	Perth Pasties	32.80	292	1
Meat/Poultry	1	0010526	Tourtière	7.45	287	1
Meat/Poultry	1	0010527	Pâté chinois	24.00	180	1
Grains/Cereals	1	0010528	Gnocchi di nonna Alice	38.00	76	1
Grains/Cereals	1	0010529	Ravioli Angelo	19.50	1	1
Seafood	1	0010530	Escargots de Bourgogne	13.25	435	1
Dairy Products	1	0010531	Raclette Courdavault	55.00	174	1
Dairy Products	1	0010532	Camembert Pierrot	34.00	52	1
Condiments	1	0010533	Sirop d'érable	28.50	323	1
Confections	1	0010534	Tarte au sucre	49.30	415	1
Condiments	1	0010535	Vegie-spread	43.90	108	1
Grains/Cereals	1	0010536	Wimmers gute Semmelknödel	33.25	42	1
Condiments	1	0010537	Louisiana Fiery Hot Pepper Sauce	21.05	9	1
Condiments	1	0010538	Louisiana Hot Spiced Okra	17.00	425	1
Beverages	1	0010539	Laughing Lumberjack Lager	14.00	439	1
Confections	1	0010540	Scottish Longbreads	12.50	158	1
Dairy Products	1	0010541	Gudbrandsdalsost	36.00	415	1
Beverages	1	0010542	Outback Lager	15.00	210	1
Dairy Products	1	0010543	Flotemysost	21.50	307	1
Dairy Products	1	0010544	Mozzarella di Giovanni	34.80	121	1
Seafood	1	0010545	Röd Kaviar	15.00	334	1
Produce	1	0010546	Longlife Tofu	10.00	405	1
Beverages	1	0010547	Rhönbräu Klosterbier	7.75	120	1
Beverages	1	0010548	Lakkalikööri	18.00	362	1
Condiments	1	0010549	Original Frankfurter grüne Soße	13.00	451	1
Beverages	1	0010550	Chai	18.00	325	1
Beverages	1	0010551	Chang	19.00	175	1
Condiments	1	0010552	Aniseed Syrup	10.00	236	1
Condiments	1	0010553	Chef Anton's Cajun Seasoning	22.00	498	1
Condiments	1	0010554	Chef Anton's Gumbo Mix	21.35	56	1
Condiments	1	0010555	Grandma's Boysenberry Spread	25.00	364	1
Produce	1	0010556	Uncle Bob's Organic Dried Pears	30.00	265	1
Condiments	1	0010557	Northwoods Cranberry Sauce	40.00	427	1
Meat/Poultry	1	0010558	Mishi Kobe Niku	97.00	24	1
Seafood	1	0010559	Ikura	31.00	475	1
Dairy Products	1	0010560	Queso Cabrales	21.00	151	0
Dairy Products	1	0010561	Queso Manchego La Pastora	38.00	442	1
Seafood	1	0010562	Konbu	6.00	15	1
Produce	1	0010563	Tofu	23.25	4	1
Condiments	1	0010564	Genen Shouyu	15.50	181	1
Confections	1	0010565	Pavlova	17.45	65	1
Meat/Poultry	1	0010566	Alice Mutton	39.00	195	1
Seafood	1	0010567	Carnarvon Tigers	62.50	426	1
Confections	1	0010568	Teatime Chocolate Biscuits	9.20	304	1
Confections	1	0010569	Sir Rodney's Marmalade	81.00	211	0
Confections	1	0010570	Sir Rodney's Scones	10.00	304	1
Grains/Cereals	1	0010571	Gustaf's Knäckebröd	21.00	137	1
Grains/Cereals	1	0010572	Tunnbröd	9.00	30	1
Beverages	1	0010573	Guaraná Fantástica	4.50	75	1
Confections	1	0010574	NuNuCa Nuß-Nougat-Creme	14.00	363	1
Confections	1	0010575	Gumbär Gummibärchen	31.23	419	1
Confections	1	0010576	Schoggi Schokolade	43.90	33	1
Produce	1	0010577	Rössle Sauerkraut	45.60	168	1
Meat/Poultry	1	0010578	Thüringer Rostbratwurst	123.79	6	1
Seafood	1	0010579	Nord-Ost Matjeshering	25.89	267	1
Dairy Products	1	0010580	Gorgonzola Telino	12.50	408	1
Dairy Products	1	0010581	Mascarpone Fabioli	32.00	312	1
Dairy Products	1	0010582	Geitost	2.50	229	1
Beverages	1	0010583	Sasquatch Ale	14.00	294	1
Beverages	1	0010584	Steeleye Stout	18.00	406	1
Seafood	1	0010585	Inlagd Sill	19.00	165	1
Seafood	1	0010586	Gravad lax	26.00	466	1
Beverages	1	0010587	Côte de Blaye	263.50	408	1
Beverages	1	0010588	Chartreuse verte	18.00	127	1
Seafood	1	0010589	Boston Crab Meat	18.40	86	0
Seafood	1	0010590	Jack's New England Clam Chowder	9.65	83	1
Grains/Cereals	1	0010591	Singaporean Hokkien Fried Mee	14.00	399	1
Beverages	1	0010592	Ipoh Coffee	46.00	21	1
Condiments	1	0010593	Gula Malacca	19.45	288	1
Seafood	0	0010594	Rogede sild	9.50	497	0
Seafood	1	0010595	Spegesild	12.00	431	1
Confections	1	0010596	Zaanse koeken	9.50	430	1
Confections	1	0010597	Chocolade	12.75	231	1
Confections	1	0010598	Maxilaku	20.00	377	1
Confections	1	0010599	Valkoinen suklaa	16.25	337	1
Produce	1	0010600	Manjimup Dried Apples	53.00	145	1
Grains/Cereals	1	0010601	Filo Mix	7.00	205	1
Meat/Poultry	1	0010602	Perth Pasties	32.80	370	1
Meat/Poultry	1	0010603	Tourtière	7.45	221	1
Meat/Poultry	1	0010604	Pâté chinois	24.00	441	1
Grains/Cereals	1	0010605	Gnocchi di nonna Alice	38.00	318	1
Grains/Cereals	1	0010606	Ravioli Angelo	19.50	350	1
Seafood	1	0010607	Escargots de Bourgogne	13.25	141	1
Dairy Products	1	0010608	Raclette Courdavault	55.00	398	1
Dairy Products	1	0010609	Camembert Pierrot	34.00	405	1
Condiments	1	0010610	Sirop d'érable	28.50	262	1
Confections	1	0010611	Tarte au sucre	49.30	171	1
Condiments	1	0010612	Vegie-spread	43.90	408	1
Grains/Cereals	1	0010613	Wimmers gute Semmelknödel	33.25	113	1
Condiments	1	0010614	Louisiana Fiery Hot Pepper Sauce	21.05	119	1
Condiments	1	0010615	Louisiana Hot Spiced Okra	17.00	459	1
Beverages	1	0010616	Laughing Lumberjack Lager	14.00	92	1
Confections	1	0010617	Scottish Longbreads	12.50	51	1
Dairy Products	1	0010618	Gudbrandsdalsost	36.00	388	1
Beverages	1	0010619	Outback Lager	15.00	324	1
Dairy Products	1	0010620	Flotemysost	21.50	365	1
Dairy Products	1	0010621	Mozzarella di Giovanni	34.80	123	1
Seafood	1	0010622	Röd Kaviar	15.00	468	0
Produce	1	0010623	Longlife Tofu	10.00	127	0
Beverages	1	0010624	Rhönbräu Klosterbier	7.75	419	1
Beverages	1	0010625	Lakkalikööri	18.00	187	1
Condiments	1	0010626	Original Frankfurter grüne Soße	13.00	439	1
Beverages	1	0010627	Chai	18.00	489	1
Beverages	1	0010628	Chang	19.00	357	1
Condiments	1	0010629	Aniseed Syrup	10.00	458	1
Condiments	1	0010630	Chef Anton's Cajun Seasoning	22.00	153	1
Condiments	1	0010631	Chef Anton's Gumbo Mix	21.35	36	1
Condiments	1	0010632	Grandma's Boysenberry Spread	25.00	190	1
Produce	1	0010633	Uncle Bob's Organic Dried Pears	30.00	67	1
Condiments	1	0010634	Northwoods Cranberry Sauce	40.00	416	1
Meat/Poultry	1	0010635	Mishi Kobe Niku	97.00	264	1
Seafood	1	0010636	Ikura	31.00	127	1
Dairy Products	1	0010637	Queso Cabrales	21.00	453	1
Dairy Products	1	0010638	Queso Manchego La Pastora	38.00	366	0
Seafood	1	0010639	Konbu	6.00	158	1
Produce	1	0010640	Tofu	23.25	390	1
Condiments	1	0010641	Genen Shouyu	15.50	447	1
Confections	1	0010642	Pavlova	17.45	254	1
Meat/Poultry	1	0010643	Alice Mutton	39.00	254	1
Seafood	1	0010644	Carnarvon Tigers	62.50	200	1
Confections	1	0010645	Teatime Chocolate Biscuits	9.20	490	1
Confections	1	0010646	Sir Rodney's Marmalade	81.00	142	1
Confections	1	0010647	Sir Rodney's Scones	10.00	401	0
Grains/Cereals	1	0010648	Gustaf's Knäckebröd	21.00	68	1
Grains/Cereals	1	0010649	Tunnbröd	9.00	342	1
Beverages	1	0010650	Guaraná Fantástica	4.50	456	1
Confections	1	0010651	NuNuCa Nuß-Nougat-Creme	14.00	161	1
Confections	1	0010652	Gumbär Gummibärchen	31.23	0	1
Confections	1	0010653	Schoggi Schokolade	43.90	160	1
Produce	1	0010654	Rössle Sauerkraut	45.60	160	1
Meat/Poultry	1	0010655	Thüringer Rostbratwurst	123.79	256	1
Seafood	1	0010656	Nord-Ost Matjeshering	25.89	215	1
Dairy Products	1	0010657	Gorgonzola Telino	12.50	39	1
Dairy Products	1	0010658	Mascarpone Fabioli	32.00	354	1
Dairy Products	1	0010659	Geitost	2.50	477	0
Beverages	1	0010660	Sasquatch Ale	14.00	303	1
Beverages	1	0010661	Steeleye Stout	18.00	469	0
Seafood	1	0010662	Inlagd Sill	19.00	375	1
Seafood	1	0010663	Gravad lax	26.00	110	1
Beverages	1	0010664	Côte de Blaye	263.50	262	1
Beverages	1	0010665	Chartreuse verte	18.00	275	1
Seafood	1	0010666	Boston Crab Meat	18.40	409	0
Seafood	1	0010667	Jack's New England Clam Chowder	9.65	58	1
Grains/Cereals	1	0010668	Singaporean Hokkien Fried Mee	14.00	267	1
Beverages	1	0010669	Ipoh Coffee	46.00	242	1
Condiments	1	0010670	Gula Malacca	19.45	45	1
Seafood	1	0010671	Rogede sild	9.50	477	1
Seafood	1	0010672	Spegesild	12.00	179	1
Confections	1	0010673	Zaanse koeken	9.50	195	1
Confections	1	0010674	Chocolade	12.75	285	1
Confections	1	0010675	Maxilaku	20.00	245	1
Confections	1	0010676	Valkoinen suklaa	16.25	245	0
Produce	1	0010677	Manjimup Dried Apples	53.00	80	1
Grains/Cereals	1	0010678	Filo Mix	7.00	283	1
Meat/Poultry	1	0010679	Perth Pasties	32.80	442	1
Meat/Poultry	1	0010680	Tourtière	7.45	98	1
Meat/Poultry	1	0010681	Pâté chinois	24.00	144	1
Grains/Cereals	0	0010682	Gnocchi di nonna Alice	38.00	372	1
Grains/Cereals	1	0010683	Ravioli Angelo	19.50	491	1
Seafood	1	0010684	Escargots de Bourgogne	13.25	204	0
Dairy Products	1	0010685	Raclette Courdavault	55.00	266	1
Dairy Products	1	0010686	Camembert Pierrot	34.00	291	1
Condiments	1	0010687	Sirop d'érable	28.50	177	1
Confections	1	0010688	Tarte au sucre	49.30	104	1
Condiments	1	0010689	Vegie-spread	43.90	133	1
Grains/Cereals	1	0010690	Wimmers gute Semmelknödel	33.25	18	1
Condiments	1	0010691	Louisiana Fiery Hot Pepper Sauce	21.05	263	1
Condiments	1	0010692	Louisiana Hot Spiced Okra	17.00	35	1
Beverages	1	0010693	Laughing Lumberjack Lager	14.00	251	1
Confections	1	0010694	Scottish Longbreads	12.50	155	1
Dairy Products	1	0010695	Gudbrandsdalsost	36.00	342	0
Beverages	1	0010696	Outback Lager	15.00	205	1
Dairy Products	1	0010697	Flotemysost	21.50	474	1
Dairy Products	1	0010698	Mozzarella di Giovanni	34.80	469	1
Seafood	1	0010699	Röd Kaviar	15.00	301	1
Produce	1	0010700	Longlife Tofu	10.00	16	0
Beverages	1	0010701	Rhönbräu Klosterbier	7.75	492	1
Beverages	1	0010702	Lakkalikööri	18.00	404	1
Condiments	1	0010703	Original Frankfurter grüne Soße	13.00	360	1
Beverages	1	0010704	Chai	18.00	9	1
Beverages	1	0010705	Chang	19.00	253	1
Condiments	1	0010706	Aniseed Syrup	10.00	303	1
Condiments	1	0010707	Chef Anton's Cajun Seasoning	22.00	55	1
Condiments	1	0010708	Chef Anton's Gumbo Mix	21.35	344	1
Condiments	1	0010709	Grandma's Boysenberry Spread	25.00	73	1
Produce	1	0010710	Uncle Bob's Organic Dried Pears	30.00	488	1
Condiments	1	0010711	Northwoods Cranberry Sauce	40.00	172	1
Meat/Poultry	1	0010712	Mishi Kobe Niku	97.00	175	1
Seafood	1	0010713	Ikura	31.00	259	1
Dairy Products	1	0010714	Queso Cabrales	21.00	340	1
Dairy Products	1	0010715	Queso Manchego La Pastora	38.00	431	1
Seafood	1	0010716	Konbu	6.00	205	1
Produce	1	0010717	Tofu	23.25	261	1
Condiments	1	0010718	Genen Shouyu	15.50	49	1
Confections	1	0010719	Pavlova	17.45	408	0
Meat/Poultry	1	0010720	Alice Mutton	39.00	269	1
Seafood	1	0010721	Carnarvon Tigers	62.50	14	1
Confections	1	0010722	Teatime Chocolate Biscuits	9.20	114	1
Confections	1	0010723	Sir Rodney's Marmalade	81.00	316	1
Confections	1	0010724	Sir Rodney's Scones	10.00	251	1
Grains/Cereals	1	0010725	Gustaf's Knäckebröd	21.00	54	1
Grains/Cereals	1	0010726	Tunnbröd	9.00	492	1
Beverages	1	0010727	Guaraná Fantástica	4.50	138	1
Confections	1	0010728	NuNuCa Nuß-Nougat-Creme	14.00	262	1
Confections	1	0010729	Gumbär Gummibärchen	31.23	183	1
Confections	1	0010730	Schoggi Schokolade	43.90	193	1
Produce	1	0010731	Rössle Sauerkraut	45.60	231	1
Meat/Poultry	1	0010732	Thüringer Rostbratwurst	123.79	28	1
Seafood	0	0010733	Nord-Ost Matjeshering	25.89	19	1
Dairy Products	1	0010734	Gorgonzola Telino	12.50	146	1
Dairy Products	1	0010735	Mascarpone Fabioli	32.00	239	1
Dairy Products	1	0010736	Geitost	2.50	488	1
Beverages	1	0010737	Sasquatch Ale	14.00	337	1
Beverages	1	0010738	Steeleye Stout	18.00	22	1
Seafood	1	0010739	Inlagd Sill	19.00	264	1
Seafood	1	0010740	Gravad lax	26.00	441	1
Beverages	1	0010741	Côte de Blaye	263.50	172	1
Beverages	1	0010742	Chartreuse verte	18.00	22	1
Seafood	1	0010743	Boston Crab Meat	18.40	435	1
Seafood	1	0010744	Jack's New England Clam Chowder	9.65	249	1
Grains/Cereals	1	0010745	Singaporean Hokkien Fried Mee	14.00	141	1
Beverages	1	0010746	Ipoh Coffee	46.00	298	1
Condiments	1	0010747	Gula Malacca	19.45	213	1
Seafood	1	0010748	Rogede sild	9.50	200	1
Seafood	1	0010749	Spegesild	12.00	414	1
Confections	1	0010750	Zaanse koeken	9.50	155	1
Confections	1	0010751	Chocolade	12.75	81	0
Confections	1	0010752	Maxilaku	20.00	284	1
Confections	1	0010753	Valkoinen suklaa	16.25	428	1
Produce	1	0010754	Manjimup Dried Apples	53.00	125	1
Grains/Cereals	1	0010755	Filo Mix	7.00	39	1
Meat/Poultry	1	0010756	Perth Pasties	32.80	482	0
Meat/Poultry	1	0010757	Tourtière	7.45	56	1
Meat/Poultry	1	0010758	Pâté chinois	24.00	78	0
Grains/Cereals	1	0010759	Gnocchi di nonna Alice	38.00	300	1
Grains/Cereals	1	0010760	Ravioli Angelo	19.50	403	1
Seafood	1	0010761	Escargots de Bourgogne	13.25	342	1
Dairy Products	1	0010762	Raclette Courdavault	55.00	43	0
Dairy Products	1	0010763	Camembert Pierrot	34.00	400	1
Condiments	1	0010764	Sirop d'érable	28.50	290	1
Confections	1	0010765	Tarte au sucre	49.30	52	1
Condiments	1	0010766	Vegie-spread	43.90	315	1
Grains/Cereals	1	0010767	Wimmers gute Semmelknödel	33.25	485	1
Condiments	1	0010768	Louisiana Fiery Hot Pepper Sauce	21.05	306	1
Condiments	1	0010769	Louisiana Hot Spiced Okra	17.00	248	1
Beverages	1	0010770	Laughing Lumberjack Lager	14.00	397	1
Confections	1	0010771	Scottish Longbreads	12.50	23	1
Dairy Products	1	0010772	Gudbrandsdalsost	36.00	47	1
Beverages	1	0010773	Outback Lager	15.00	53	1
Dairy Products	1	0010774	Flotemysost	21.50	437	1
Dairy Products	1	0010775	Mozzarella di Giovanni	34.80	4	1
Seafood	1	0010776	Röd Kaviar	15.00	43	1
Produce	1	0010777	Longlife Tofu	10.00	161	1
Beverages	1	0010778	Rhönbräu Klosterbier	7.75	300	1
Beverages	1	0010779	Lakkalikööri	18.00	230	1
Condiments	1	0010780	Original Frankfurter grüne Soße	13.00	0	1
Beverages	1	0010781	Chai	18.00	24	1
Beverages	1	0010782	Chang	19.00	232	1
Condiments	1	0010783	Aniseed Syrup	10.00	257	1
Condiments	1	0010784	Chef Anton's Cajun Seasoning	22.00	11	1
Condiments	1	0010785	Chef Anton's Gumbo Mix	21.35	413	1
Condiments	1	0010786	Grandma's Boysenberry Spread	25.00	139	1
Produce	1	0010787	Uncle Bob's Organic Dried Pears	30.00	391	1
Condiments	1	0010788	Northwoods Cranberry Sauce	40.00	500	1
Meat/Poultry	1	0010789	Mishi Kobe Niku	97.00	27	1
Seafood	1	0010790	Ikura	31.00	113	1
Dairy Products	1	0010791	Queso Cabrales	21.00	230	1
Dairy Products	1	0010792	Queso Manchego La Pastora	38.00	297	1
Seafood	1	0010793	Konbu	6.00	230	1
Produce	0	0010794	Tofu	23.25	126	1
Condiments	1	0010795	Genen Shouyu	15.50	201	1
Confections	1	0010796	Pavlova	17.45	147	1
Meat/Poultry	1	0010797	Alice Mutton	39.00	207	1
Seafood	1	0010798	Carnarvon Tigers	62.50	426	1
Confections	1	0010799	Teatime Chocolate Biscuits	9.20	218	1
Confections	1	0010800	Sir Rodney's Marmalade	81.00	119	1
Confections	1	0010801	Sir Rodney's Scones	10.00	284	1
Grains/Cereals	1	0010802	Gustaf's Knäckebröd	21.00	485	1
Grains/Cereals	1	0010803	Tunnbröd	9.00	428	1
Beverages	1	0010804	Guaraná Fantástica	4.50	273	0
Confections	1	0010805	NuNuCa Nuß-Nougat-Creme	14.00	151	1
Confections	1	0010806	Gumbär Gummibärchen	31.23	164	1
Confections	1	0010807	Schoggi Schokolade	43.90	476	0
Produce	1	0010808	Rössle Sauerkraut	45.60	225	1
Meat/Poultry	1	0010809	Thüringer Rostbratwurst	123.79	237	1
Seafood	1	0010810	Nord-Ost Matjeshering	25.89	193	1
Dairy Products	1	0010811	Gorgonzola Telino	12.50	417	1
Dairy Products	1	0010812	Mascarpone Fabioli	32.00	129	1
Dairy Products	1	0010813	Geitost	2.50	459	1
Beverages	1	0010814	Sasquatch Ale	14.00	54	1
Beverages	1	0010815	Steeleye Stout	18.00	456	1
Seafood	1	0010816	Inlagd Sill	19.00	385	1
Seafood	1	0010817	Gravad lax	26.00	489	1
Beverages	1	0010818	Côte de Blaye	263.50	246	1
Beverages	1	0010819	Chartreuse verte	18.00	304	1
Seafood	1	0010820	Boston Crab Meat	18.40	478	1
Seafood	1	0010821	Jack's New England Clam Chowder	9.65	56	1
Grains/Cereals	1	0010822	Singaporean Hokkien Fried Mee	14.00	54	1
Beverages	1	0010823	Ipoh Coffee	46.00	426	1
Condiments	1	0010824	Gula Malacca	19.45	315	0
Seafood	1	0010825	Rogede sild	9.50	137	1
Seafood	1	0010826	Spegesild	12.00	497	1
Confections	1	0010827	Zaanse koeken	9.50	303	1
Confections	1	0010828	Chocolade	12.75	118	1
Confections	1	0010829	Maxilaku	20.00	155	1
Confections	1	0010830	Valkoinen suklaa	16.25	359	1
Produce	1	0010831	Manjimup Dried Apples	53.00	82	1
Grains/Cereals	1	0010832	Filo Mix	7.00	245	1
Meat/Poultry	1	0010833	Perth Pasties	32.80	108	0
Meat/Poultry	1	0010834	Tourtière	7.45	464	1
Meat/Poultry	0	0010835	Pâté chinois	24.00	28	1
Grains/Cereals	1	0010836	Gnocchi di nonna Alice	38.00	299	1
Grains/Cereals	1	0010837	Ravioli Angelo	19.50	206	1
Seafood	1	0010838	Escargots de Bourgogne	13.25	197	1
Dairy Products	1	0010839	Raclette Courdavault	55.00	314	1
Dairy Products	1	0010840	Camembert Pierrot	34.00	120	1
Condiments	1	0010841	Sirop d'érable	28.50	492	1
Confections	1	0010842	Tarte au sucre	49.30	218	1
Condiments	1	0010843	Vegie-spread	43.90	259	1
Grains/Cereals	1	0010844	Wimmers gute Semmelknödel	33.25	475	1
Condiments	1	0010845	Louisiana Fiery Hot Pepper Sauce	21.05	415	1
Condiments	1	0010846	Louisiana Hot Spiced Okra	17.00	269	1
Beverages	1	0010847	Laughing Lumberjack Lager	14.00	338	1
Confections	1	0010848	Scottish Longbreads	12.50	443	1
Dairy Products	1	0010849	Gudbrandsdalsost	36.00	283	1
Beverages	1	0010850	Outback Lager	15.00	359	1
Dairy Products	1	0010851	Flotemysost	21.50	123	1
Dairy Products	1	0010852	Mozzarella di Giovanni	34.80	63	1
Seafood	1	0010853	Röd Kaviar	15.00	311	1
Produce	1	0010854	Longlife Tofu	10.00	220	1
Beverages	0	0010855	Rhönbräu Klosterbier	7.75	328	1
Beverages	1	0010856	Lakkalikööri	18.00	422	1
Condiments	1	0010857	Original Frankfurter grüne Soße	13.00	60	1
Beverages	1	0010858	Chai	18.00	69	1
Beverages	1	0010859	Chang	19.00	415	1
Condiments	1	0010860	Aniseed Syrup	10.00	478	1
Condiments	1	0010861	Chef Anton's Cajun Seasoning	22.00	201	1
Condiments	1	0010862	Chef Anton's Gumbo Mix	21.35	303	1
Condiments	1	0010863	Grandma's Boysenberry Spread	25.00	7	1
Produce	1	0010864	Uncle Bob's Organic Dried Pears	30.00	500	1
Condiments	1	0010865	Northwoods Cranberry Sauce	40.00	248	1
Meat/Poultry	0	0010866	Mishi Kobe Niku	97.00	306	1
Seafood	1	0010867	Ikura	31.00	67	1
Dairy Products	1	0010868	Queso Cabrales	21.00	50	1
Dairy Products	1	0010869	Queso Manchego La Pastora	38.00	203	1
Seafood	1	0010870	Konbu	6.00	77	1
Produce	1	0010871	Tofu	23.25	426	1
Condiments	1	0010872	Genen Shouyu	15.50	12	1
Confections	1	0010873	Pavlova	17.45	27	1
Meat/Poultry	0	0010874	Alice Mutton	39.00	401	1
Seafood	1	0010875	Carnarvon Tigers	62.50	341	1
Confections	1	0010876	Teatime Chocolate Biscuits	9.20	418	1
Confections	1	0010877	Sir Rodney's Marmalade	81.00	36	1
Confections	1	0010878	Sir Rodney's Scones	10.00	287	1
Grains/Cereals	1	0010879	Gustaf's Knäckebröd	21.00	394	1
Grains/Cereals	1	0010880	Tunnbröd	9.00	41	1
Beverages	1	0010881	Guaraná Fantástica	4.50	118	1
Confections	0	0010882	NuNuCa Nuß-Nougat-Creme	14.00	284	1
Confections	1	0010883	Gumbär Gummibärchen	31.23	98	1
Confections	1	0010884	Schoggi Schokolade	43.90	497	1
Produce	1	0010885	Rössle Sauerkraut	45.60	26	1
Meat/Poultry	1	0010886	Thüringer Rostbratwurst	123.79	455	1
Seafood	1	0010887	Nord-Ost Matjeshering	25.89	436	1
Dairy Products	1	0010888	Gorgonzola Telino	12.50	345	1
Dairy Products	1	0010889	Mascarpone Fabioli	32.00	135	1
Dairy Products	1	0010890	Geitost	2.50	252	1
Beverages	1	0010891	Sasquatch Ale	14.00	238	1
Beverages	1	0010892	Steeleye Stout	18.00	211	1
Seafood	1	0010893	Inlagd Sill	19.00	496	1
Seafood	1	0010894	Gravad lax	26.00	310	1
Beverages	1	0010895	Côte de Blaye	263.50	395	1
Beverages	1	0010896	Chartreuse verte	18.00	449	1
Seafood	1	0010897	Boston Crab Meat	18.40	384	1
Seafood	1	0010898	Jack's New England Clam Chowder	9.65	203	1
Grains/Cereals	1	0010899	Singaporean Hokkien Fried Mee	14.00	196	1
Beverages	1	0010900	Ipoh Coffee	46.00	499	1
Condiments	1	0010901	Gula Malacca	19.45	79	1
Seafood	1	0010902	Rogede sild	9.50	59	1
Seafood	1	0010903	Spegesild	12.00	122	1
Confections	1	0010904	Zaanse koeken	9.50	467	1
Confections	1	0010905	Chocolade	12.75	211	1
Confections	1	0010906	Maxilaku	20.00	7	1
Confections	1	0010907	Valkoinen suklaa	16.25	400	1
Produce	1	0010908	Manjimup Dried Apples	53.00	292	1
Grains/Cereals	1	0010909	Filo Mix	7.00	500	1
Meat/Poultry	1	0010910	Perth Pasties	32.80	273	1
Meat/Poultry	1	0010911	Tourtière	7.45	412	1
Meat/Poultry	1	0010912	Pâté chinois	24.00	52	1
Grains/Cereals	1	0010913	Gnocchi di nonna Alice	38.00	123	1
Grains/Cereals	1	0010914	Ravioli Angelo	19.50	433	1
Seafood	1	0010915	Escargots de Bourgogne	13.25	440	1
Dairy Products	1	0010916	Raclette Courdavault	55.00	94	1
Dairy Products	1	0010917	Camembert Pierrot	34.00	131	1
Condiments	1	0010918	Sirop d'érable	28.50	142	1
Confections	1	0010919	Tarte au sucre	49.30	471	1
Condiments	1	0010920	Vegie-spread	43.90	360	1
Grains/Cereals	1	0010921	Wimmers gute Semmelknödel	33.25	57	1
Condiments	1	0010922	Louisiana Fiery Hot Pepper Sauce	21.05	38	1
Condiments	1	0010923	Louisiana Hot Spiced Okra	17.00	113	1
Beverages	1	0010924	Laughing Lumberjack Lager	14.00	309	1
Confections	1	0010925	Scottish Longbreads	12.50	287	0
Dairy Products	1	0010926	Gudbrandsdalsost	36.00	170	1
Beverages	1	0010927	Outback Lager	15.00	345	1
Dairy Products	1	0010928	Flotemysost	21.50	394	1
Dairy Products	1	0010929	Mozzarella di Giovanni	34.80	455	1
Seafood	1	0010930	Röd Kaviar	15.00	245	1
Produce	1	0010931	Longlife Tofu	10.00	472	1
Beverages	1	0010932	Rhönbräu Klosterbier	7.75	77	1
Beverages	0	0010933	Lakkalikööri	18.00	488	1
Condiments	1	0010934	Original Frankfurter grüne Soße	13.00	86	1
Beverages	1	0010935	Chai	18.00	370	1
Beverages	1	0010936	Chang	19.00	11	1
Condiments	1	0010937	Aniseed Syrup	10.00	260	1
Condiments	1	0010938	Chef Anton's Cajun Seasoning	22.00	3	1
Condiments	1	0010939	Chef Anton's Gumbo Mix	21.35	336	1
Condiments	1	0010940	Grandma's Boysenberry Spread	25.00	250	1
Produce	1	0010941	Uncle Bob's Organic Dried Pears	30.00	233	1
Condiments	1	0010942	Northwoods Cranberry Sauce	40.00	100	1
Meat/Poultry	1	0010943	Mishi Kobe Niku	97.00	250	1
Seafood	1	0010944	Ikura	31.00	177	1
Dairy Products	1	0010945	Queso Cabrales	21.00	417	1
Dairy Products	1	0010946	Queso Manchego La Pastora	38.00	137	1
Seafood	1	0010947	Konbu	6.00	245	1
Produce	1	0010948	Tofu	23.25	493	1
Condiments	1	0010949	Genen Shouyu	15.50	363	0
Confections	1	0010950	Pavlova	17.45	181	1
Meat/Poultry	1	0010951	Alice Mutton	39.00	441	1
Seafood	1	0010952	Carnarvon Tigers	62.50	186	1
Confections	1	0010953	Teatime Chocolate Biscuits	9.20	435	1
Confections	1	0010954	Sir Rodney's Marmalade	81.00	407	1
Confections	0	0010955	Sir Rodney's Scones	10.00	203	0
Grains/Cereals	1	0010956	Gustaf's Knäckebröd	21.00	485	0
Grains/Cereals	1	0010957	Tunnbröd	9.00	493	1
Beverages	1	0010958	Guaraná Fantástica	4.50	326	1
Confections	1	0010959	NuNuCa Nuß-Nougat-Creme	14.00	114	1
Confections	1	0010960	Gumbär Gummibärchen	31.23	87	1
Confections	1	0010961	Schoggi Schokolade	43.90	241	0
Produce	1	0010962	Rössle Sauerkraut	45.60	103	1
Meat/Poultry	1	0010963	Thüringer Rostbratwurst	123.79	117	1
Seafood	1	0010964	Nord-Ost Matjeshering	25.89	390	1
Dairy Products	1	0010965	Gorgonzola Telino	12.50	76	1
Dairy Products	1	0010966	Mascarpone Fabioli	32.00	3	1
Dairy Products	1	0010967	Geitost	2.50	11	1
Beverages	1	0010968	Sasquatch Ale	14.00	240	1
Beverages	1	0010969	Steeleye Stout	18.00	223	1
Seafood	1	0010970	Inlagd Sill	19.00	313	1
Seafood	1	0010971	Gravad lax	26.00	107	1
Beverages	1	0010972	Côte de Blaye	263.50	80	1
Beverages	1	0010973	Chartreuse verte	18.00	180	1
Seafood	1	0010974	Boston Crab Meat	18.40	9	1
Seafood	0	0010975	Jack's New England Clam Chowder	9.65	41	1
Grains/Cereals	1	0010976	Singaporean Hokkien Fried Mee	14.00	155	1
Beverages	1	0010977	Ipoh Coffee	46.00	363	1
Condiments	1	0010978	Gula Malacca	19.45	88	1
Seafood	1	0010979	Rogede sild	9.50	107	0
Seafood	1	0010980	Spegesild	12.00	68	1
Confections	1	0010981	Zaanse koeken	9.50	78	1
Confections	1	0010982	Chocolade	12.75	1	1
Confections	1	0010983	Maxilaku	20.00	139	1
Confections	1	0010984	Valkoinen suklaa	16.25	327	1
Produce	1	0010985	Manjimup Dried Apples	53.00	169	1
Grains/Cereals	1	0010986	Filo Mix	7.00	222	1
Meat/Poultry	1	0010987	Perth Pasties	32.80	489	1
Meat/Poultry	1	0010988	Tourtière	7.45	57	1
Meat/Poultry	1	0010989	Pâté chinois	24.00	113	1
Grains/Cereals	1	0010990	Gnocchi di nonna Alice	38.00	401	1
Grains/Cereals	1	0010991	Ravioli Angelo	19.50	285	1
Seafood	1	0010992	Escargots de Bourgogne	13.25	4	1
Dairy Products	1	0010993	Raclette Courdavault	55.00	130	1
Dairy Products	1	0010994	Camembert Pierrot	34.00	32	1
Condiments	1	0010995	Sirop d'érable	28.50	223	1
Confections	1	0010996	Tarte au sucre	49.30	2	1
Condiments	1	0010997	Vegie-spread	43.90	148	1
Grains/Cereals	1	0010998	Wimmers gute Semmelknödel	33.25	14	1
Condiments	1	0010999	Louisiana Fiery Hot Pepper Sauce	21.05	48	1
Condiments	1	0011000	Louisiana Hot Spiced Okra	17.00	297	1
Beverages	1	0011001	Laughing Lumberjack Lager	14.00	87	1
Confections	1	0011002	Scottish Longbreads	12.50	151	1
Dairy Products	1	0011003	Gudbrandsdalsost	36.00	162	1
Beverages	1	0011004	Outback Lager	15.00	493	1
Dairy Products	1	0011005	Flotemysost	21.50	500	1
Dairy Products	1	0011006	Mozzarella di Giovanni	34.80	368	1
Seafood	1	0011007	Röd Kaviar	15.00	428	1
Produce	1	0011008	Longlife Tofu	10.00	81	1
Beverages	1	0011009	Rhönbräu Klosterbier	7.75	68	1
Beverages	1	0011010	Lakkalikööri	18.00	478	1
Condiments	1	0011011	Original Frankfurter grüne Soße	13.00	280	1
Beverages	1	0011012	Chai	18.00	227	1
Beverages	1	0011013	Chang	19.00	471	1
Condiments	1	0011014	Aniseed Syrup	10.00	358	1
Condiments	1	0011015	Chef Anton's Cajun Seasoning	22.00	207	1
Condiments	1	0011016	Chef Anton's Gumbo Mix	21.35	445	1
Condiments	1	0011017	Grandma's Boysenberry Spread	25.00	23	1
Produce	1	0011018	Uncle Bob's Organic Dried Pears	30.00	468	1
Condiments	1	0011019	Northwoods Cranberry Sauce	40.00	166	1
Meat/Poultry	1	0011020	Mishi Kobe Niku	97.00	427	1
Seafood	1	0011021	Ikura	31.00	278	1
Dairy Products	1	0011022	Queso Cabrales	21.00	20	1
Dairy Products	1	0011023	Queso Manchego La Pastora	38.00	141	1
Seafood	1	0011024	Konbu	6.00	121	0
Produce	0	0011025	Tofu	23.25	183	1
Condiments	1	0011026	Genen Shouyu	15.50	408	1
Confections	1	0011027	Pavlova	17.45	303	1
Meat/Poultry	1	0011028	Alice Mutton	39.00	221	1
Seafood	1	0011029	Carnarvon Tigers	62.50	431	1
Confections	1	0011030	Teatime Chocolate Biscuits	9.20	91	1
Confections	1	0011031	Sir Rodney's Marmalade	81.00	188	1
Confections	1	0011032	Sir Rodney's Scones	10.00	354	1
Grains/Cereals	1	0011033	Gustaf's Knäckebröd	21.00	186	1
Grains/Cereals	1	0011034	Tunnbröd	9.00	166	1
Beverages	1	0011035	Guaraná Fantástica	4.50	208	1
Confections	1	0011036	NuNuCa Nuß-Nougat-Creme	14.00	306	1
Confections	1	0011037	Gumbär Gummibärchen	31.23	54	1
Confections	1	0011038	Schoggi Schokolade	43.90	303	1
Produce	1	0011039	Rössle Sauerkraut	45.60	362	1
Meat/Poultry	1	0011040	Thüringer Rostbratwurst	123.79	210	1
Seafood	1	0011041	Nord-Ost Matjeshering	25.89	128	1
Dairy Products	1	0011042	Gorgonzola Telino	12.50	53	1
Dairy Products	1	0011043	Mascarpone Fabioli	32.00	281	1
Dairy Products	1	0011044	Geitost	2.50	182	1
Beverages	1	0011045	Sasquatch Ale	14.00	466	1
Beverages	1	0011046	Steeleye Stout	18.00	55	1
Seafood	1	0011047	Inlagd Sill	19.00	493	1
Seafood	1	0011048	Gravad lax	26.00	105	1
Beverages	1	0011049	Côte de Blaye	263.50	304	1
Beverages	1	0011050	Chartreuse verte	18.00	468	1
Seafood	1	0011051	Boston Crab Meat	18.40	221	1
Seafood	1	0011052	Jack's New England Clam Chowder	9.65	343	1
Grains/Cereals	1	0011053	Singaporean Hokkien Fried Mee	14.00	264	1
Beverages	1	0011054	Ipoh Coffee	46.00	3	1
Condiments	1	0011055	Gula Malacca	19.45	143	1
Seafood	1	0011056	Rogede sild	9.50	59	1
Seafood	1	0011057	Spegesild	12.00	292	1
Confections	1	0011058	Zaanse koeken	9.50	295	1
Confections	1	0011059	Chocolade	12.75	64	1
Confections	1	0011060	Maxilaku	20.00	475	1
Confections	1	0011061	Valkoinen suklaa	16.25	24	1
Produce	1	0011062	Manjimup Dried Apples	53.00	112	1
Grains/Cereals	1	0011063	Filo Mix	7.00	383	1
Meat/Poultry	1	0011064	Perth Pasties	32.80	180	1
Meat/Poultry	1	0011065	Tourtière	7.45	187	1
Meat/Poultry	1	0011066	Pâté chinois	24.00	287	1
Grains/Cereals	1	0011067	Gnocchi di nonna Alice	38.00	262	1
Grains/Cereals	1	0011068	Ravioli Angelo	19.50	392	1
Seafood	1	0011069	Escargots de Bourgogne	13.25	294	1
Dairy Products	1	0011070	Raclette Courdavault	55.00	26	1
Dairy Products	1	0011071	Camembert Pierrot	34.00	4	1
Condiments	1	0011072	Sirop d'érable	28.50	254	1
Confections	1	0011073	Tarte au sucre	49.30	313	1
Condiments	1	0011074	Vegie-spread	43.90	334	1
Grains/Cereals	1	0011075	Wimmers gute Semmelknödel	33.25	160	1
Condiments	1	0011076	Louisiana Fiery Hot Pepper Sauce	21.05	337	1
Condiments	1	0011077	Louisiana Hot Spiced Okra	17.00	141	1
Beverages	1	0011078	Laughing Lumberjack Lager	14.00	231	1
Confections	1	0011079	Scottish Longbreads	12.50	87	1
Dairy Products	1	0011080	Gudbrandsdalsost	36.00	327	1
Beverages	1	0011081	Outback Lager	15.00	334	1
Dairy Products	1	0011082	Flotemysost	21.50	425	1
Dairy Products	1	0011083	Mozzarella di Giovanni	34.80	352	1
Seafood	1	0011084	Röd Kaviar	15.00	375	1
Produce	1	0011085	Longlife Tofu	10.00	333	1
Beverages	1	0011086	Rhönbräu Klosterbier	7.75	312	1
Beverages	1	0011087	Lakkalikööri	18.00	326	1
Condiments	1	0011088	Original Frankfurter grüne Soße	13.00	27	1
Beverages	1	0011089	Chai	18.00	400	1
Beverages	1	0011090	Chang	19.00	259	1
Condiments	1	0011091	Aniseed Syrup	10.00	387	1
Condiments	1	0011092	Chef Anton's Cajun Seasoning	22.00	168	1
Condiments	1	0011093	Chef Anton's Gumbo Mix	21.35	282	1
Condiments	1	0011094	Grandma's Boysenberry Spread	25.00	158	1
Produce	1	0011095	Uncle Bob's Organic Dried Pears	30.00	156	1
Condiments	1	0011096	Northwoods Cranberry Sauce	40.00	489	1
Meat/Poultry	1	0011097	Mishi Kobe Niku	97.00	226	1
Seafood	1	0011098	Ikura	31.00	351	1
Dairy Products	1	0011099	Queso Cabrales	21.00	198	1
Dairy Products	1	0011100	Queso Manchego La Pastora	38.00	326	1
Seafood	1	0011101	Konbu	6.00	13	1
Produce	1	0011102	Tofu	23.25	260	0
Condiments	1	0011103	Genen Shouyu	15.50	80	1
Confections	1	0011104	Pavlova	17.45	364	1
Meat/Poultry	1	0011105	Alice Mutton	39.00	120	1
Seafood	1	0011106	Carnarvon Tigers	62.50	300	1
Confections	1	0011107	Teatime Chocolate Biscuits	9.20	283	1
Confections	1	0011108	Sir Rodney's Marmalade	81.00	372	1
Confections	1	0011109	Sir Rodney's Scones	10.00	492	1
Grains/Cereals	1	0011110	Gustaf's Knäckebröd	21.00	410	1
Grains/Cereals	1	0011111	Tunnbröd	9.00	234	1
Beverages	1	0011112	Guaraná Fantástica	4.50	363	1
Confections	1	0011113	NuNuCa Nuß-Nougat-Creme	14.00	319	1
Confections	1	0011114	Gumbär Gummibärchen	31.23	353	1
Confections	1	0011115	Schoggi Schokolade	43.90	65	1
Produce	1	0011116	Rössle Sauerkraut	45.60	38	1
Meat/Poultry	1	0011117	Thüringer Rostbratwurst	123.79	168	1
Seafood	1	0011118	Nord-Ost Matjeshering	25.89	363	1
Dairy Products	1	0011119	Gorgonzola Telino	12.50	355	1
Dairy Products	1	0011120	Mascarpone Fabioli	32.00	467	1
Dairy Products	1	0011121	Geitost	2.50	210	0
Beverages	1	0011122	Sasquatch Ale	14.00	99	1
Beverages	1	0011123	Steeleye Stout	18.00	479	1
Seafood	1	0011124	Inlagd Sill	19.00	140	1
Seafood	1	0011125	Gravad lax	26.00	56	1
Beverages	1	0011126	Côte de Blaye	263.50	288	1
Beverages	1	0011127	Chartreuse verte	18.00	47	1
Seafood	1	0011128	Boston Crab Meat	18.40	346	1
Seafood	1	0011129	Jack's New England Clam Chowder	9.65	431	1
Grains/Cereals	1	0011130	Singaporean Hokkien Fried Mee	14.00	376	0
Beverages	1	0011131	Ipoh Coffee	46.00	86	1
Condiments	1	0011132	Gula Malacca	19.45	277	1
Seafood	1	0011133	Rogede sild	9.50	323	1
Seafood	1	0011134	Spegesild	12.00	145	1
Confections	1	0011135	Zaanse koeken	9.50	127	1
Confections	1	0011136	Chocolade	12.75	189	1
Confections	1	0011137	Maxilaku	20.00	174	1
Confections	1	0011138	Valkoinen suklaa	16.25	496	1
Produce	1	0011139	Manjimup Dried Apples	53.00	219	1
Grains/Cereals	0	0011140	Filo Mix	7.00	393	1
Meat/Poultry	1	0011141	Perth Pasties	32.80	159	1
Meat/Poultry	1	0011142	Tourtière	7.45	330	1
Meat/Poultry	1	0011143	Pâté chinois	24.00	98	1
Grains/Cereals	1	0011144	Gnocchi di nonna Alice	38.00	134	1
Grains/Cereals	1	0011145	Ravioli Angelo	19.50	14	1
Seafood	1	0011146	Escargots de Bourgogne	13.25	422	1
Dairy Products	1	0011147	Raclette Courdavault	55.00	369	1
Dairy Products	1	0011148	Camembert Pierrot	34.00	72	1
Condiments	1	0011149	Sirop d'érable	28.50	475	1
Confections	1	0011150	Tarte au sucre	49.30	351	1
Condiments	1	0011151	Vegie-spread	43.90	227	1
Grains/Cereals	1	0011152	Wimmers gute Semmelknödel	33.25	11	1
Condiments	1	0011153	Louisiana Fiery Hot Pepper Sauce	21.05	310	1
Condiments	1	0011154	Louisiana Hot Spiced Okra	17.00	468	1
Beverages	1	0011155	Laughing Lumberjack Lager	14.00	34	1
Confections	1	0011156	Scottish Longbreads	12.50	88	1
Dairy Products	1	0011157	Gudbrandsdalsost	36.00	434	1
Beverages	1	0011158	Outback Lager	15.00	16	1
Dairy Products	1	0011159	Flotemysost	21.50	457	1
Dairy Products	1	0011160	Mozzarella di Giovanni	34.80	93	1
Seafood	1	0011161	Röd Kaviar	15.00	99	1
Produce	1	0011162	Longlife Tofu	10.00	418	1
Beverages	1	0011163	Rhönbräu Klosterbier	7.75	437	1
Beverages	1	0011164	Lakkalikööri	18.00	80	1
Condiments	1	0011165	Original Frankfurter grüne Soße	13.00	332	1
Beverages	1	0011166	Chai	18.00	435	1
Beverages	1	0011167	Chang	19.00	43	0
Condiments	1	0011168	Aniseed Syrup	10.00	21	1
Condiments	1	0011169	Chef Anton's Cajun Seasoning	22.00	64	1
Condiments	1	0011170	Chef Anton's Gumbo Mix	21.35	334	1
Condiments	1	0011171	Grandma's Boysenberry Spread	25.00	93	1
Produce	1	0011172	Uncle Bob's Organic Dried Pears	30.00	146	1
Condiments	1	0011173	Northwoods Cranberry Sauce	40.00	376	1
Meat/Poultry	1	0011174	Mishi Kobe Niku	97.00	404	1
Seafood	1	0011175	Ikura	31.00	74	1
Dairy Products	1	0011176	Queso Cabrales	21.00	81	1
Dairy Products	1	0011177	Queso Manchego La Pastora	38.00	355	1
Seafood	1	0011178	Konbu	6.00	40	0
Produce	1	0011179	Tofu	23.25	499	1
Condiments	1	0011180	Genen Shouyu	15.50	149	1
Confections	1	0011181	Pavlova	17.45	187	1
Meat/Poultry	1	0011182	Alice Mutton	39.00	379	1
Seafood	1	0011183	Carnarvon Tigers	62.50	6	1
Confections	1	0011184	Teatime Chocolate Biscuits	9.20	354	1
Confections	1	0011185	Sir Rodney's Marmalade	81.00	453	1
Confections	1	0011186	Sir Rodney's Scones	10.00	79	1
Grains/Cereals	1	0011187	Gustaf's Knäckebröd	21.00	418	1
Grains/Cereals	1	0011188	Tunnbröd	9.00	236	1
Beverages	1	0011189	Guaraná Fantástica	4.50	355	1
Confections	1	0011190	NuNuCa Nuß-Nougat-Creme	14.00	463	1
Confections	1	0011191	Gumbär Gummibärchen	31.23	1	0
Confections	1	0011192	Schoggi Schokolade	43.90	139	1
Produce	1	0011193	Rössle Sauerkraut	45.60	234	1
Meat/Poultry	1	0011194	Thüringer Rostbratwurst	123.79	222	1
Seafood	1	0011195	Nord-Ost Matjeshering	25.89	263	1
Dairy Products	1	0011196	Gorgonzola Telino	12.50	471	1
Dairy Products	1	0011197	Mascarpone Fabioli	32.00	204	1
Dairy Products	1	0011198	Geitost	2.50	69	1
Beverages	1	0011199	Sasquatch Ale	14.00	457	1
Beverages	1	0011200	Steeleye Stout	18.00	362	1
Seafood	1	0011201	Inlagd Sill	19.00	61	1
Seafood	1	0011202	Gravad lax	26.00	100	0
Beverages	1	0011203	Côte de Blaye	263.50	264	1
Beverages	1	0011204	Chartreuse verte	18.00	198	0
Seafood	1	0011205	Boston Crab Meat	18.40	263	1
Seafood	0	0011206	Jack's New England Clam Chowder	9.65	353	1
Grains/Cereals	1	0011207	Singaporean Hokkien Fried Mee	14.00	193	1
Beverages	1	0011208	Ipoh Coffee	46.00	445	1
Condiments	1	0011209	Gula Malacca	19.45	32	1
Seafood	1	0011210	Rogede sild	9.50	97	1
Seafood	1	0011211	Spegesild	12.00	389	1
Confections	1	0011212	Zaanse koeken	9.50	285	1
Confections	1	0011213	Chocolade	12.75	191	1
Confections	1	0011214	Maxilaku	20.00	429	1
Confections	1	0011215	Valkoinen suklaa	16.25	295	0
Produce	1	0011216	Manjimup Dried Apples	53.00	284	1
Grains/Cereals	1	0011217	Filo Mix	7.00	267	1
Meat/Poultry	1	0011218	Perth Pasties	32.80	60	1
Meat/Poultry	1	0011219	Tourtière	7.45	399	1
Meat/Poultry	1	0011220	Pâté chinois	24.00	446	1
Grains/Cereals	1	0011221	Gnocchi di nonna Alice	38.00	20	1
Grains/Cereals	1	0011222	Ravioli Angelo	19.50	370	1
Seafood	1	0011223	Escargots de Bourgogne	13.25	146	1
Dairy Products	1	0011224	Raclette Courdavault	55.00	217	1
Dairy Products	1	0011225	Camembert Pierrot	34.00	374	1
Condiments	1	0011226	Sirop d'érable	28.50	358	1
Confections	1	0011227	Tarte au sucre	49.30	211	1
Condiments	1	0011228	Vegie-spread	43.90	498	1
Grains/Cereals	1	0011229	Wimmers gute Semmelknödel	33.25	424	0
Condiments	1	0011230	Louisiana Fiery Hot Pepper Sauce	21.05	346	0
Condiments	1	0011231	Louisiana Hot Spiced Okra	17.00	254	1
Beverages	1	0011232	Laughing Lumberjack Lager	14.00	371	1
Confections	1	0011233	Scottish Longbreads	12.50	76	1
Dairy Products	1	0011234	Gudbrandsdalsost	36.00	242	1
Beverages	1	0011235	Outback Lager	15.00	320	1
Dairy Products	1	0011236	Flotemysost	21.50	89	1
Dairy Products	1	0011237	Mozzarella di Giovanni	34.80	345	0
Seafood	1	0011238	Röd Kaviar	15.00	240	1
Produce	1	0011239	Longlife Tofu	10.00	308	1
Beverages	1	0011240	Rhönbräu Klosterbier	7.75	345	1
Beverages	1	0011241	Lakkalikööri	18.00	479	1
Condiments	1	0011242	Original Frankfurter grüne Soße	13.00	306	1
Beverages	1	0011243	Chai	18.00	383	1
Beverages	1	0011244	Chang	19.00	130	1
Condiments	1	0011245	Aniseed Syrup	10.00	77	1
Condiments	1	0011246	Chef Anton's Cajun Seasoning	22.00	315	1
Condiments	1	0011247	Chef Anton's Gumbo Mix	21.35	332	1
Condiments	1	0011248	Grandma's Boysenberry Spread	25.00	207	1
Produce	1	0011249	Uncle Bob's Organic Dried Pears	30.00	368	1
Condiments	1	0011250	Northwoods Cranberry Sauce	40.00	481	1
Meat/Poultry	1	0011251	Mishi Kobe Niku	97.00	187	1
Seafood	1	0011252	Ikura	31.00	96	1
Dairy Products	1	0011253	Queso Cabrales	21.00	313	1
Dairy Products	1	0011254	Queso Manchego La Pastora	38.00	404	1
Seafood	1	0011255	Konbu	6.00	379	1
Produce	1	0011256	Tofu	23.25	311	1
Condiments	1	0011257	Genen Shouyu	15.50	380	1
Confections	1	0011258	Pavlova	17.45	469	1
Meat/Poultry	0	0011259	Alice Mutton	39.00	175	1
Seafood	1	0011260	Carnarvon Tigers	62.50	407	1
Confections	1	0011261	Teatime Chocolate Biscuits	9.20	23	1
Confections	1	0011262	Sir Rodney's Marmalade	81.00	315	1
Confections	1	0011263	Sir Rodney's Scones	10.00	40	1
Grains/Cereals	1	0011264	Gustaf's Knäckebröd	21.00	17	1
Grains/Cereals	1	0011265	Tunnbröd	9.00	419	1
Beverages	1	0011266	Guaraná Fantástica	4.50	87	1
Confections	1	0011267	NuNuCa Nuß-Nougat-Creme	14.00	182	0
Confections	1	0011268	Gumbär Gummibärchen	31.23	13	1
Confections	1	0011269	Schoggi Schokolade	43.90	223	1
Produce	1	0011270	Rössle Sauerkraut	45.60	391	1
Meat/Poultry	1	0011271	Thüringer Rostbratwurst	123.79	225	1
Seafood	1	0011272	Nord-Ost Matjeshering	25.89	461	1
Dairy Products	1	0011273	Gorgonzola Telino	12.50	29	1
Dairy Products	1	0011274	Mascarpone Fabioli	32.00	409	1
Dairy Products	1	0011275	Geitost	2.50	273	1
Beverages	1	0011276	Sasquatch Ale	14.00	459	1
Beverages	1	0011277	Steeleye Stout	18.00	372	1
Seafood	1	0011278	Inlagd Sill	19.00	84	1
Seafood	1	0011279	Gravad lax	26.00	295	1
Beverages	1	0011280	Côte de Blaye	263.50	107	1
Beverages	1	0011281	Chartreuse verte	18.00	370	1
Seafood	1	0011282	Boston Crab Meat	18.40	354	1
Seafood	1	0011283	Jack's New England Clam Chowder	9.65	449	1
Grains/Cereals	1	0011284	Singaporean Hokkien Fried Mee	14.00	75	1
Beverages	1	0011285	Ipoh Coffee	46.00	79	1
Condiments	1	0011286	Gula Malacca	19.45	253	1
Seafood	1	0011287	Rogede sild	9.50	171	1
Seafood	1	0011288	Spegesild	12.00	423	1
Confections	1	0011289	Zaanse koeken	9.50	445	1
Confections	1	0011290	Chocolade	12.75	405	1
Confections	1	0011291	Maxilaku	20.00	312	1
Confections	1	0011292	Valkoinen suklaa	16.25	388	1
Produce	1	0011293	Manjimup Dried Apples	53.00	349	1
Grains/Cereals	1	0011294	Filo Mix	7.00	143	1
Meat/Poultry	1	0011295	Perth Pasties	32.80	150	1
Meat/Poultry	1	0011296	Tourtière	7.45	233	1
Meat/Poultry	1	0011297	Pâté chinois	24.00	280	1
Grains/Cereals	1	0011298	Gnocchi di nonna Alice	38.00	406	1
Grains/Cereals	1	0011299	Ravioli Angelo	19.50	220	1
Seafood	1	0011300	Escargots de Bourgogne	13.25	172	1
Dairy Products	1	0011301	Raclette Courdavault	55.00	176	1
Dairy Products	1	0011302	Camembert Pierrot	34.00	459	1
Condiments	1	0011303	Sirop d'érable	28.50	482	1
Confections	1	0011304	Tarte au sucre	49.30	257	1
Condiments	1	0011305	Vegie-spread	43.90	301	1
Grains/Cereals	1	0011306	Wimmers gute Semmelknödel	33.25	481	1
Condiments	1	0011307	Louisiana Fiery Hot Pepper Sauce	21.05	168	1
Condiments	1	0011308	Louisiana Hot Spiced Okra	17.00	388	1
Beverages	1	0011309	Laughing Lumberjack Lager	14.00	142	1
Confections	0	0011310	Scottish Longbreads	12.50	474	1
Dairy Products	1	0011311	Gudbrandsdalsost	36.00	297	1
Beverages	1	0011312	Outback Lager	15.00	212	1
Dairy Products	1	0011313	Flotemysost	21.50	353	1
Dairy Products	1	0011314	Mozzarella di Giovanni	34.80	93	1
Seafood	1	0011315	Röd Kaviar	15.00	32	1
Produce	1	0011316	Longlife Tofu	10.00	128	1
Beverages	1	0011317	Rhönbräu Klosterbier	7.75	308	1
Beverages	1	0011318	Lakkalikööri	18.00	142	1
Condiments	1	0011319	Original Frankfurter grüne Soße	13.00	403	1
Beverages	1	0011320	Chai	18.00	216	1
Beverages	1	0011321	Chang	19.00	208	1
Condiments	1	0011322	Aniseed Syrup	10.00	184	1
Condiments	1	0011323	Chef Anton's Cajun Seasoning	22.00	69	1
Condiments	1	0011324	Chef Anton's Gumbo Mix	21.35	122	1
Condiments	1	0011325	Grandma's Boysenberry Spread	25.00	482	1
Produce	1	0011326	Uncle Bob's Organic Dried Pears	30.00	214	0
Condiments	1	0011327	Northwoods Cranberry Sauce	40.00	15	1
Meat/Poultry	1	0011328	Mishi Kobe Niku	97.00	52	1
Seafood	1	0011329	Ikura	31.00	66	1
Dairy Products	1	0011330	Queso Cabrales	21.00	123	1
Dairy Products	1	0011331	Queso Manchego La Pastora	38.00	225	1
Seafood	1	0011332	Konbu	6.00	453	1
Produce	1	0011333	Tofu	23.25	465	1
Condiments	1	0011334	Genen Shouyu	15.50	325	1
Confections	1	0011335	Pavlova	17.45	233	1
Meat/Poultry	1	0011336	Alice Mutton	39.00	96	1
Seafood	1	0011337	Carnarvon Tigers	62.50	53	1
Confections	1	0011338	Teatime Chocolate Biscuits	9.20	278	1
Confections	1	0011339	Sir Rodney's Marmalade	81.00	433	1
Confections	1	0011340	Sir Rodney's Scones	10.00	276	1
Grains/Cereals	1	0011341	Gustaf's Knäckebröd	21.00	202	0
Grains/Cereals	1	0011342	Tunnbröd	9.00	451	1
Beverages	1	0011343	Guaraná Fantástica	4.50	261	1
Confections	1	0011344	NuNuCa Nuß-Nougat-Creme	14.00	118	1
Confections	1	0011345	Gumbär Gummibärchen	31.23	426	1
Confections	1	0011346	Schoggi Schokolade	43.90	14	1
Produce	1	0011347	Rössle Sauerkraut	45.60	348	1
Meat/Poultry	1	0011348	Thüringer Rostbratwurst	123.79	38	1
Seafood	1	0011349	Nord-Ost Matjeshering	25.89	267	1
Dairy Products	1	0011350	Gorgonzola Telino	12.50	299	1
Dairy Products	1	0011351	Mascarpone Fabioli	32.00	427	1
Dairy Products	1	0011352	Geitost	2.50	301	1
Beverages	1	0011353	Sasquatch Ale	14.00	389	1
Beverages	1	0011354	Steeleye Stout	18.00	455	1
Seafood	1	0011355	Inlagd Sill	19.00	272	1
Seafood	1	0011356	Gravad lax	26.00	18	1
Beverages	1	0011357	Côte de Blaye	263.50	40	0
Beverages	1	0011358	Chartreuse verte	18.00	85	1
Seafood	1	0011359	Boston Crab Meat	18.40	443	1
Seafood	1	0011360	Jack's New England Clam Chowder	9.65	375	1
Grains/Cereals	1	0011361	Singaporean Hokkien Fried Mee	14.00	381	1
Beverages	1	0011362	Ipoh Coffee	46.00	444	0
Condiments	1	0011363	Gula Malacca	19.45	223	1
Seafood	1	0011364	Rogede sild	9.50	226	1
Seafood	1	0011365	Spegesild	12.00	279	1
Confections	1	0011366	Zaanse koeken	9.50	277	1
Confections	1	0011367	Chocolade	12.75	95	1
Confections	1	0011368	Maxilaku	20.00	378	1
Confections	1	0011369	Valkoinen suklaa	16.25	124	0
Produce	1	0011370	Manjimup Dried Apples	53.00	467	1
Grains/Cereals	1	0011371	Filo Mix	7.00	425	1
Meat/Poultry	1	0011372	Perth Pasties	32.80	489	1
Meat/Poultry	1	0011373	Tourtière	7.45	340	1
Meat/Poultry	1	0011374	Pâté chinois	24.00	136	1
Grains/Cereals	1	0011375	Gnocchi di nonna Alice	38.00	445	1
Grains/Cereals	1	0011376	Ravioli Angelo	19.50	325	1
Seafood	1	0011377	Escargots de Bourgogne	13.25	175	1
Dairy Products	1	0011378	Raclette Courdavault	55.00	488	1
Dairy Products	1	0011379	Camembert Pierrot	34.00	435	1
Condiments	1	0011380	Sirop d'érable	28.50	365	1
Confections	1	0011381	Tarte au sucre	49.30	169	1
Condiments	1	0011382	Vegie-spread	43.90	361	1
Grains/Cereals	1	0011383	Wimmers gute Semmelknödel	33.25	482	1
Condiments	1	0011384	Louisiana Fiery Hot Pepper Sauce	21.05	381	1
Condiments	1	0011385	Louisiana Hot Spiced Okra	17.00	87	1
Beverages	1	0011386	Laughing Lumberjack Lager	14.00	414	1
Confections	1	0011387	Scottish Longbreads	12.50	159	1
Dairy Products	1	0011388	Gudbrandsdalsost	36.00	21	1
Beverages	1	0011389	Outback Lager	15.00	169	1
Dairy Products	1	0011390	Flotemysost	21.50	210	1
Dairy Products	1	0011391	Mozzarella di Giovanni	34.80	358	1
Seafood	1	0011392	Röd Kaviar	15.00	407	1
Produce	1	0011393	Longlife Tofu	10.00	234	1
Beverages	1	0011394	Rhönbräu Klosterbier	7.75	53	1
Beverages	1	0011395	Lakkalikööri	18.00	275	1
Condiments	1	0011396	Original Frankfurter grüne Soße	13.00	403	1
Beverages	1	0011397	Chai	18.00	442	1
Beverages	1	0011398	Chang	19.00	235	1
Condiments	1	0011399	Aniseed Syrup	10.00	402	1
Condiments	1	0011400	Chef Anton's Cajun Seasoning	22.00	311	1
Condiments	0	0011401	Chef Anton's Gumbo Mix	21.35	142	1
Condiments	1	0011402	Grandma's Boysenberry Spread	25.00	135	1
Produce	1	0011403	Uncle Bob's Organic Dried Pears	30.00	382	1
Condiments	1	0011404	Northwoods Cranberry Sauce	40.00	91	1
Meat/Poultry	1	0011405	Mishi Kobe Niku	97.00	353	1
Seafood	1	0011406	Ikura	31.00	169	1
Dairy Products	1	0011407	Queso Cabrales	21.00	353	1
Dairy Products	1	0011408	Queso Manchego La Pastora	38.00	434	0
Seafood	1	0011409	Konbu	6.00	346	1
Produce	1	0011410	Tofu	23.25	298	1
Condiments	1	0011411	Genen Shouyu	15.50	142	1
Confections	1	0011412	Pavlova	17.45	16	1
Meat/Poultry	1	0011413	Alice Mutton	39.00	284	0
Seafood	1	0011414	Carnarvon Tigers	62.50	43	1
Confections	1	0011415	Teatime Chocolate Biscuits	9.20	115	1
Confections	1	0011416	Sir Rodney's Marmalade	81.00	261	1
Confections	1	0011417	Sir Rodney's Scones	10.00	369	1
Grains/Cereals	1	0011418	Gustaf's Knäckebröd	21.00	443	1
Grains/Cereals	1	0011419	Tunnbröd	9.00	114	1
Beverages	1	0011420	Guaraná Fantástica	4.50	319	1
Confections	1	0011421	NuNuCa Nuß-Nougat-Creme	14.00	280	1
Confections	1	0011422	Gumbär Gummibärchen	31.23	276	1
Confections	1	0011423	Schoggi Schokolade	43.90	187	1
Produce	1	0011424	Rössle Sauerkraut	45.60	143	1
Meat/Poultry	1	0011425	Thüringer Rostbratwurst	123.79	206	1
Seafood	1	0011426	Nord-Ost Matjeshering	25.89	335	1
Dairy Products	1	0011427	Gorgonzola Telino	12.50	392	1
Dairy Products	1	0011428	Mascarpone Fabioli	32.00	474	1
Dairy Products	1	0011429	Geitost	2.50	337	1
Beverages	1	0011430	Sasquatch Ale	14.00	469	1
Beverages	1	0011431	Steeleye Stout	18.00	180	1
Seafood	1	0011432	Inlagd Sill	19.00	175	1
Seafood	1	0011433	Gravad lax	26.00	188	1
Beverages	1	0011434	Côte de Blaye	263.50	459	1
Beverages	1	0011435	Chartreuse verte	18.00	198	1
Seafood	1	0011436	Boston Crab Meat	18.40	42	1
Seafood	1	0011437	Jack's New England Clam Chowder	9.65	186	1
Grains/Cereals	1	0011438	Singaporean Hokkien Fried Mee	14.00	146	1
Beverages	1	0011439	Ipoh Coffee	46.00	319	1
Condiments	1	0011440	Gula Malacca	19.45	160	1
Seafood	1	0011441	Rogede sild	9.50	459	1
Seafood	1	0011442	Spegesild	12.00	31	1
Confections	1	0011443	Zaanse koeken	9.50	396	1
Confections	1	0011444	Chocolade	12.75	83	1
Confections	1	0011445	Maxilaku	20.00	332	1
Confections	1	0011446	Valkoinen suklaa	16.25	312	1
Produce	1	0011447	Manjimup Dried Apples	53.00	153	1
Grains/Cereals	1	0011448	Filo Mix	7.00	151	1
Meat/Poultry	1	0011449	Perth Pasties	32.80	30	1
Meat/Poultry	1	0011450	Tourtière	7.45	413	0
Meat/Poultry	1	0011451	Pâté chinois	24.00	197	1
Grains/Cereals	1	0011452	Gnocchi di nonna Alice	38.00	237	1
Grains/Cereals	1	0011453	Ravioli Angelo	19.50	396	1
Seafood	1	0011454	Escargots de Bourgogne	13.25	29	1
Dairy Products	1	0011455	Raclette Courdavault	55.00	349	1
Dairy Products	1	0011456	Camembert Pierrot	34.00	479	1
Condiments	1	0011457	Sirop d'érable	28.50	145	1
Confections	1	0011458	Tarte au sucre	49.30	377	1
Condiments	1	0011459	Vegie-spread	43.90	395	1
Grains/Cereals	1	0011460	Wimmers gute Semmelknödel	33.25	427	1
Condiments	1	0011461	Louisiana Fiery Hot Pepper Sauce	21.05	128	0
Condiments	1	0011462	Louisiana Hot Spiced Okra	17.00	45	1
Beverages	1	0011463	Laughing Lumberjack Lager	14.00	185	1
Confections	1	0011464	Scottish Longbreads	12.50	181	1
Dairy Products	1	0011465	Gudbrandsdalsost	36.00	290	1
Beverages	1	0011466	Outback Lager	15.00	473	0
Dairy Products	1	0011467	Flotemysost	21.50	129	1
Dairy Products	1	0011468	Mozzarella di Giovanni	34.80	335	1
Seafood	1	0011469	Röd Kaviar	15.00	154	1
Produce	1	0011470	Longlife Tofu	10.00	460	1
Beverages	1	0011471	Rhönbräu Klosterbier	7.75	400	1
Beverages	1	0011472	Lakkalikööri	18.00	379	1
Condiments	1	0011473	Original Frankfurter grüne Soße	13.00	134	1
Beverages	1	0011474	Chai	18.00	242	1
Beverages	1	0011475	Chang	19.00	392	1
Condiments	1	0011476	Aniseed Syrup	10.00	90	1
Condiments	1	0011477	Chef Anton's Cajun Seasoning	22.00	212	1
Condiments	1	0011478	Chef Anton's Gumbo Mix	21.35	148	1
Condiments	1	0011479	Grandma's Boysenberry Spread	25.00	59	1
Produce	1	0011480	Uncle Bob's Organic Dried Pears	30.00	317	1
Condiments	1	0011481	Northwoods Cranberry Sauce	40.00	104	1
Meat/Poultry	1	0011482	Mishi Kobe Niku	97.00	20	1
Seafood	1	0011483	Ikura	31.00	156	1
Dairy Products	1	0011484	Queso Cabrales	21.00	269	1
Dairy Products	1	0011485	Queso Manchego La Pastora	38.00	279	1
Seafood	1	0011486	Konbu	6.00	296	1
Produce	1	0011487	Tofu	23.25	414	1
Condiments	1	0011488	Genen Shouyu	15.50	422	1
Confections	1	0011489	Pavlova	17.45	444	1
Meat/Poultry	1	0011490	Alice Mutton	39.00	35	1
Seafood	1	0011491	Carnarvon Tigers	62.50	200	1
Confections	1	0011492	Teatime Chocolate Biscuits	9.20	356	1
Confections	1	0011493	Sir Rodney's Marmalade	81.00	77	1
Confections	1	0011494	Sir Rodney's Scones	10.00	441	1
Grains/Cereals	1	0011495	Gustaf's Knäckebröd	21.00	153	1
Grains/Cereals	1	0011496	Tunnbröd	9.00	356	1
Beverages	1	0011497	Guaraná Fantástica	4.50	43	1
Confections	0	0011498	NuNuCa Nuß-Nougat-Creme	14.00	353	1
Confections	1	0011499	Gumbär Gummibärchen	31.23	316	1
Confections	1	0011500	Schoggi Schokolade	43.90	390	1
Produce	1	0011501	Rössle Sauerkraut	45.60	416	0
Meat/Poultry	1	0011502	Thüringer Rostbratwurst	123.79	369	1
Seafood	1	0011503	Nord-Ost Matjeshering	25.89	390	1
Dairy Products	1	0011504	Gorgonzola Telino	12.50	487	1
Dairy Products	1	0011505	Mascarpone Fabioli	32.00	220	1
Dairy Products	1	0011506	Geitost	2.50	131	1
Beverages	1	0011507	Sasquatch Ale	14.00	200	1
Beverages	1	0011508	Steeleye Stout	18.00	253	1
Seafood	1	0011509	Inlagd Sill	19.00	78	1
Seafood	1	0011510	Gravad lax	26.00	235	1
Beverages	1	0011511	Côte de Blaye	263.50	193	1
Beverages	1	0011512	Chartreuse verte	18.00	201	1
Seafood	1	0011513	Boston Crab Meat	18.40	254	1
Seafood	1	0011514	Jack's New England Clam Chowder	9.65	39	1
Grains/Cereals	1	0011515	Singaporean Hokkien Fried Mee	14.00	343	1
Beverages	1	0011516	Ipoh Coffee	46.00	161	1
Condiments	1	0011517	Gula Malacca	19.45	225	1
Seafood	1	0011518	Rogede sild	9.50	488	1
Seafood	1	0011519	Spegesild	12.00	313	1
Confections	1	0011520	Zaanse koeken	9.50	30	1
Confections	1	0011521	Chocolade	12.75	11	1
Confections	0	0011522	Maxilaku	20.00	143	1
Confections	1	0011523	Valkoinen suklaa	16.25	428	1
Produce	1	0011524	Manjimup Dried Apples	53.00	309	1
Grains/Cereals	1	0011525	Filo Mix	7.00	392	1
Meat/Poultry	1	0011526	Perth Pasties	32.80	30	1
Meat/Poultry	1	0011527	Tourtière	7.45	348	1
Meat/Poultry	1	0011528	Pâté chinois	24.00	400	1
Grains/Cereals	1	0011529	Gnocchi di nonna Alice	38.00	467	1
Grains/Cereals	1	0011530	Ravioli Angelo	19.50	286	1
Seafood	1	0011531	Escargots de Bourgogne	13.25	110	1
Dairy Products	1	0011532	Raclette Courdavault	55.00	409	1
Dairy Products	1	0011533	Camembert Pierrot	34.00	273	1
Condiments	1	0011534	Sirop d'érable	28.50	451	1
Confections	1	0011535	Tarte au sucre	49.30	282	1
Condiments	1	0011536	Vegie-spread	43.90	87	1
Grains/Cereals	1	0011537	Wimmers gute Semmelknödel	33.25	374	1
Condiments	0	0011538	Louisiana Fiery Hot Pepper Sauce	21.05	95	1
Condiments	1	0011539	Louisiana Hot Spiced Okra	17.00	166	1
Beverages	1	0011540	Laughing Lumberjack Lager	14.00	72	1
Confections	1	0011541	Scottish Longbreads	12.50	172	1
Dairy Products	1	0011542	Gudbrandsdalsost	36.00	445	1
Beverages	1	0011543	Outback Lager	15.00	58	1
Dairy Products	1	0011544	Flotemysost	21.50	400	1
Dairy Products	1	0011545	Mozzarella di Giovanni	34.80	159	1
Seafood	1	0011546	Röd Kaviar	15.00	384	1
Produce	1	0011547	Longlife Tofu	10.00	287	1
Beverages	1	0011548	Rhönbräu Klosterbier	7.75	250	1
Beverages	1	0011549	Lakkalikööri	18.00	430	1
Condiments	1	0011550	Original Frankfurter grüne Soße	13.00	123	1
Beverages	1	0011551	Chai	18.00	355	0
Beverages	1	0011552	Chang	19.00	186	1
Condiments	1	0011553	Aniseed Syrup	10.00	460	1
Condiments	1	0011554	Chef Anton's Cajun Seasoning	22.00	377	1
Condiments	1	0011555	Chef Anton's Gumbo Mix	21.35	50	1
Condiments	1	0011556	Grandma's Boysenberry Spread	25.00	45	1
Produce	1	0011557	Uncle Bob's Organic Dried Pears	30.00	54	1
Condiments	1	0011558	Northwoods Cranberry Sauce	40.00	86	1
Meat/Poultry	1	0011559	Mishi Kobe Niku	97.00	19	1
Seafood	1	0011560	Ikura	31.00	154	1
Dairy Products	0	0011561	Queso Cabrales	21.00	383	1
Dairy Products	1	0011562	Queso Manchego La Pastora	38.00	40	1
Seafood	1	0011563	Konbu	6.00	57	1
Produce	1	0011564	Tofu	23.25	359	1
Condiments	1	0011565	Genen Shouyu	15.50	212	1
Confections	1	0011566	Pavlova	17.45	157	1
Meat/Poultry	1	0011567	Alice Mutton	39.00	101	0
Seafood	1	0011568	Carnarvon Tigers	62.50	264	1
Confections	1	0011569	Teatime Chocolate Biscuits	9.20	383	1
Confections	1	0011570	Sir Rodney's Marmalade	81.00	173	1
Confections	1	0011571	Sir Rodney's Scones	10.00	497	1
Grains/Cereals	1	0011572	Gustaf's Knäckebröd	21.00	379	1
Grains/Cereals	1	0011573	Tunnbröd	9.00	194	1
Beverages	1	0011574	Guaraná Fantástica	4.50	434	1
Confections	1	0011575	NuNuCa Nuß-Nougat-Creme	14.00	118	1
Confections	1	0011576	Gumbär Gummibärchen	31.23	136	1
Confections	1	0011577	Schoggi Schokolade	43.90	449	1
Produce	1	0011578	Rössle Sauerkraut	45.60	351	1
Meat/Poultry	1	0011579	Thüringer Rostbratwurst	123.79	433	1
Seafood	1	0011580	Nord-Ost Matjeshering	25.89	403	1
Dairy Products	1	0011581	Gorgonzola Telino	12.50	3	0
Dairy Products	1	0011582	Mascarpone Fabioli	32.00	489	1
Dairy Products	1	0011583	Geitost	2.50	77	1
Beverages	1	0011584	Sasquatch Ale	14.00	112	1
Beverages	1	0011585	Steeleye Stout	18.00	300	1
Seafood	1	0011586	Inlagd Sill	19.00	64	1
Seafood	1	0011587	Gravad lax	26.00	372	1
Beverages	1	0011588	Côte de Blaye	263.50	446	1
Beverages	1	0011589	Chartreuse verte	18.00	271	1
Seafood	1	0011590	Boston Crab Meat	18.40	402	1
Seafood	1	0011591	Jack's New England Clam Chowder	9.65	166	1
Grains/Cereals	1	0011592	Singaporean Hokkien Fried Mee	14.00	10	1
Beverages	1	0011593	Ipoh Coffee	46.00	132	1
Condiments	1	0011594	Gula Malacca	19.45	293	1
Seafood	1	0011595	Rogede sild	9.50	464	1
Seafood	1	0011596	Spegesild	12.00	35	1
Confections	1	0011597	Zaanse koeken	9.50	404	1
Confections	1	0011598	Chocolade	12.75	396	1
Confections	1	0011599	Maxilaku	20.00	417	1
Confections	1	0011600	Valkoinen suklaa	16.25	139	1
Produce	1	0011601	Manjimup Dried Apples	53.00	242	1
Grains/Cereals	1	0011602	Filo Mix	7.00	353	0
Meat/Poultry	1	0011603	Perth Pasties	32.80	475	1
Meat/Poultry	1	0011604	Tourtière	7.45	295	1
Meat/Poultry	1	0011605	Pâté chinois	24.00	156	1
Grains/Cereals	1	0011606	Gnocchi di nonna Alice	38.00	181	1
Grains/Cereals	1	0011607	Ravioli Angelo	19.50	198	1
Seafood	1	0011608	Escargots de Bourgogne	13.25	70	1
Dairy Products	1	0011609	Raclette Courdavault	55.00	384	1
Dairy Products	1	0011610	Camembert Pierrot	34.00	357	1
Condiments	1	0011611	Sirop d'érable	28.50	66	1
Confections	1	0011612	Tarte au sucre	49.30	3	1
Condiments	1	0011613	Vegie-spread	43.90	495	1
Grains/Cereals	1	0011614	Wimmers gute Semmelknödel	33.25	454	1
Condiments	1	0011615	Louisiana Fiery Hot Pepper Sauce	21.05	331	1
Condiments	1	0011616	Louisiana Hot Spiced Okra	17.00	156	1
Beverages	1	0011617	Laughing Lumberjack Lager	14.00	145	1
Confections	1	0011618	Scottish Longbreads	12.50	94	1
Dairy Products	1	0011619	Gudbrandsdalsost	36.00	417	1
Beverages	1	0011620	Outback Lager	15.00	116	1
Dairy Products	1	0011621	Flotemysost	21.50	465	1
Dairy Products	1	0011622	Mozzarella di Giovanni	34.80	367	1
Seafood	1	0011623	Röd Kaviar	15.00	436	1
Produce	1	0011624	Longlife Tofu	10.00	6	1
Beverages	1	0011625	Rhönbräu Klosterbier	7.75	52	1
Beverages	1	0011626	Lakkalikööri	18.00	145	1
Condiments	1	0011627	Original Frankfurter grüne Soße	13.00	207	1
Beverages	1	0011628	Chai	18.00	122	1
Beverages	1	0011629	Chang	19.00	398	1
Condiments	1	0011630	Aniseed Syrup	10.00	286	1
Condiments	1	0011631	Chef Anton's Cajun Seasoning	22.00	436	1
Condiments	1	0011632	Chef Anton's Gumbo Mix	21.35	456	1
Condiments	1	0011633	Grandma's Boysenberry Spread	25.00	125	1
Produce	1	0011634	Uncle Bob's Organic Dried Pears	30.00	76	1
Condiments	1	0011635	Northwoods Cranberry Sauce	40.00	456	1
Meat/Poultry	1	0011636	Mishi Kobe Niku	97.00	247	1
Seafood	1	0011637	Ikura	31.00	241	1
Dairy Products	1	0011638	Queso Cabrales	21.00	337	1
Dairy Products	1	0011639	Queso Manchego La Pastora	38.00	63	1
Seafood	1	0011640	Konbu	6.00	70	0
Produce	1	0011641	Tofu	23.25	140	1
Condiments	1	0011642	Genen Shouyu	15.50	241	1
Confections	1	0011643	Pavlova	17.45	265	1
Meat/Poultry	1	0011644	Alice Mutton	39.00	373	1
Seafood	1	0011645	Carnarvon Tigers	62.50	443	1
Confections	1	0011646	Teatime Chocolate Biscuits	9.20	19	1
Confections	1	0011647	Sir Rodney's Marmalade	81.00	304	1
Confections	1	0011648	Sir Rodney's Scones	10.00	479	1
Grains/Cereals	0	0011649	Gustaf's Knäckebröd	21.00	61	1
Grains/Cereals	1	0011650	Tunnbröd	9.00	38	1
Beverages	1	0011651	Guaraná Fantástica	4.50	130	1
Confections	1	0011652	NuNuCa Nuß-Nougat-Creme	14.00	495	1
Confections	1	0011653	Gumbär Gummibärchen	31.23	258	1
Confections	1	0011654	Schoggi Schokolade	43.90	234	1
Produce	1	0011655	Rössle Sauerkraut	45.60	374	1
Meat/Poultry	1	0011656	Thüringer Rostbratwurst	123.79	250	1
Seafood	1	0011657	Nord-Ost Matjeshering	25.89	394	1
Dairy Products	1	0011658	Gorgonzola Telino	12.50	439	1
Dairy Products	1	0011659	Mascarpone Fabioli	32.00	363	1
Dairy Products	1	0011660	Geitost	2.50	369	1
Beverages	1	0011661	Sasquatch Ale	14.00	286	1
Beverages	1	0011662	Steeleye Stout	18.00	253	1
Seafood	1	0011663	Inlagd Sill	19.00	286	1
Seafood	1	0011664	Gravad lax	26.00	75	1
Beverages	1	0011665	Côte de Blaye	263.50	476	1
Beverages	1	0011666	Chartreuse verte	18.00	332	1
Seafood	1	0011667	Boston Crab Meat	18.40	15	1
Seafood	1	0011668	Jack's New England Clam Chowder	9.65	84	1
Grains/Cereals	1	0011669	Singaporean Hokkien Fried Mee	14.00	299	1
Beverages	1	0011670	Ipoh Coffee	46.00	207	1
Condiments	1	0011671	Gula Malacca	19.45	277	0
Seafood	1	0011672	Rogede sild	9.50	431	1
Seafood	1	0011673	Spegesild	12.00	424	1
Confections	1	0011674	Zaanse koeken	9.50	235	1
Confections	1	0011675	Chocolade	12.75	388	1
Confections	1	0011676	Maxilaku	20.00	499	1
Confections	1	0011677	Valkoinen suklaa	16.25	424	1
Produce	0	0011678	Manjimup Dried Apples	53.00	381	1
Grains/Cereals	1	0011679	Filo Mix	7.00	383	1
Meat/Poultry	1	0011680	Perth Pasties	32.80	228	1
Meat/Poultry	1	0011681	Tourtière	7.45	266	1
Meat/Poultry	1	0011682	Pâté chinois	24.00	262	1
Grains/Cereals	1	0011683	Gnocchi di nonna Alice	38.00	365	1
Grains/Cereals	1	0011684	Ravioli Angelo	19.50	413	1
Seafood	1	0011685	Escargots de Bourgogne	13.25	18	1
Dairy Products	1	0011686	Raclette Courdavault	55.00	385	1
Dairy Products	1	0011687	Camembert Pierrot	34.00	455	1
Condiments	1	0011688	Sirop d'érable	28.50	258	1
Confections	1	0011689	Tarte au sucre	49.30	355	1
Condiments	1	0011690	Vegie-spread	43.90	155	1
Grains/Cereals	1	0011691	Wimmers gute Semmelknödel	33.25	478	1
Condiments	1	0011692	Louisiana Fiery Hot Pepper Sauce	21.05	177	1
Condiments	1	0011693	Louisiana Hot Spiced Okra	17.00	146	1
Beverages	1	0011694	Laughing Lumberjack Lager	14.00	174	1
Confections	1	0011695	Scottish Longbreads	12.50	218	1
Dairy Products	1	0011696	Gudbrandsdalsost	36.00	141	1
Beverages	1	0011697	Outback Lager	15.00	82	1
Dairy Products	1	0011698	Flotemysost	21.50	300	1
Dairy Products	1	0011699	Mozzarella di Giovanni	34.80	179	1
Seafood	0	0011700	Röd Kaviar	15.00	20	1
Produce	1	0011701	Longlife Tofu	10.00	67	1
Beverages	1	0011702	Rhönbräu Klosterbier	7.75	223	1
Beverages	1	0011703	Lakkalikööri	18.00	500	1
Condiments	1	0011704	Original Frankfurter grüne Soße	13.00	432	1
Beverages	1	0011705	Chai	18.00	462	1
Beverages	1	0011706	Chang	19.00	474	1
Condiments	1	0011707	Aniseed Syrup	10.00	123	1
Condiments	0	0011708	Chef Anton's Cajun Seasoning	22.00	388	1
Condiments	1	0011709	Chef Anton's Gumbo Mix	21.35	385	1
Condiments	1	0011710	Grandma's Boysenberry Spread	25.00	389	1
Produce	1	0011711	Uncle Bob's Organic Dried Pears	30.00	171	1
Condiments	1	0011712	Northwoods Cranberry Sauce	40.00	75	1
Meat/Poultry	1	0011713	Mishi Kobe Niku	97.00	204	1
Seafood	1	0011714	Ikura	31.00	64	1
Dairy Products	1	0011715	Queso Cabrales	21.00	246	1
Dairy Products	1	0011716	Queso Manchego La Pastora	38.00	12	1
Seafood	1	0011717	Konbu	6.00	430	1
Produce	1	0011718	Tofu	23.25	370	1
Condiments	1	0011719	Genen Shouyu	15.50	476	1
Confections	1	0011720	Pavlova	17.45	222	1
Meat/Poultry	1	0011721	Alice Mutton	39.00	66	1
Seafood	1	0011722	Carnarvon Tigers	62.50	356	1
Confections	1	0011723	Teatime Chocolate Biscuits	9.20	394	1
Confections	1	0011724	Sir Rodney's Marmalade	81.00	458	1
Confections	1	0011725	Sir Rodney's Scones	10.00	112	1
Grains/Cereals	1	0011726	Gustaf's Knäckebröd	21.00	172	1
Grains/Cereals	1	0011727	Tunnbröd	9.00	18	1
Beverages	1	0011728	Guaraná Fantástica	4.50	241	1
Confections	1	0011729	NuNuCa Nuß-Nougat-Creme	14.00	365	1
Confections	1	0011730	Gumbär Gummibärchen	31.23	354	0
Confections	1	0011731	Schoggi Schokolade	43.90	106	1
Produce	1	0011732	Rössle Sauerkraut	45.60	104	1
Meat/Poultry	1	0011733	Thüringer Rostbratwurst	123.79	101	0
Seafood	1	0011734	Nord-Ost Matjeshering	25.89	100	1
Dairy Products	1	0011735	Gorgonzola Telino	12.50	275	1
Dairy Products	1	0011736	Mascarpone Fabioli	32.00	273	1
Dairy Products	1	0011737	Geitost	2.50	392	1
Beverages	1	0011738	Sasquatch Ale	14.00	330	1
Beverages	1	0011739	Steeleye Stout	18.00	472	1
Seafood	0	0011740	Inlagd Sill	19.00	225	1
Seafood	1	0011741	Gravad lax	26.00	363	1
Beverages	1	0011742	Côte de Blaye	263.50	478	1
Beverages	1	0011743	Chartreuse verte	18.00	486	1
Seafood	1	0011744	Boston Crab Meat	18.40	276	1
Seafood	0	0011745	Jack's New England Clam Chowder	9.65	321	1
Grains/Cereals	1	0011746	Singaporean Hokkien Fried Mee	14.00	361	1
Beverages	1	0011747	Ipoh Coffee	46.00	425	1
Condiments	1	0011748	Gula Malacca	19.45	250	1
Seafood	1	0011749	Rogede sild	9.50	113	1
Seafood	1	0011750	Spegesild	12.00	222	1
Confections	1	0011751	Zaanse koeken	9.50	365	1
Confections	1	0011752	Chocolade	12.75	101	1
Confections	1	0011753	Maxilaku	20.00	308	1
Confections	1	0011754	Valkoinen suklaa	16.25	315	1
Produce	1	0011755	Manjimup Dried Apples	53.00	67	1
Grains/Cereals	1	0011756	Filo Mix	7.00	325	1
Meat/Poultry	1	0011757	Perth Pasties	32.80	308	0
Meat/Poultry	1	0011758	Tourtière	7.45	239	1
Meat/Poultry	1	0011759	Pâté chinois	24.00	265	1
Grains/Cereals	1	0011760	Gnocchi di nonna Alice	38.00	41	1
Grains/Cereals	1	0011761	Ravioli Angelo	19.50	84	0
Seafood	1	0011762	Escargots de Bourgogne	13.25	387	1
Dairy Products	1	0011763	Raclette Courdavault	55.00	493	1
Dairy Products	1	0011764	Camembert Pierrot	34.00	41	1
Condiments	1	0011765	Sirop d'érable	28.50	65	1
Confections	1	0011766	Tarte au sucre	49.30	222	1
Condiments	1	0011767	Vegie-spread	43.90	268	1
Grains/Cereals	1	0011768	Wimmers gute Semmelknödel	33.25	18	1
Condiments	1	0011769	Louisiana Fiery Hot Pepper Sauce	21.05	152	1
Condiments	1	0011770	Louisiana Hot Spiced Okra	17.00	445	1
Beverages	1	0011771	Laughing Lumberjack Lager	14.00	347	1
Confections	1	0011772	Scottish Longbreads	12.50	286	1
Dairy Products	1	0011773	Gudbrandsdalsost	36.00	45	1
Beverages	1	0011774	Outback Lager	15.00	270	0
Dairy Products	1	0011775	Flotemysost	21.50	438	1
Dairy Products	1	0011776	Mozzarella di Giovanni	34.80	52	1
Seafood	1	0011777	Röd Kaviar	15.00	205	1
Produce	1	0011778	Longlife Tofu	10.00	151	1
Beverages	1	0011779	Rhönbräu Klosterbier	7.75	212	1
Beverages	1	0011780	Lakkalikööri	18.00	314	1
Condiments	1	0011781	Original Frankfurter grüne Soße	13.00	3	1
Beverages	1	0011782	Chai	18.00	164	1
Beverages	1	0011783	Chang	19.00	185	1
Condiments	1	0011784	Aniseed Syrup	10.00	188	1
Condiments	1	0011785	Chef Anton's Cajun Seasoning	22.00	262	1
Condiments	1	0011786	Chef Anton's Gumbo Mix	21.35	76	0
Condiments	1	0011787	Grandma's Boysenberry Spread	25.00	339	1
Produce	1	0011788	Uncle Bob's Organic Dried Pears	30.00	239	1
Condiments	1	0011789	Northwoods Cranberry Sauce	40.00	192	1
Meat/Poultry	1	0011790	Mishi Kobe Niku	97.00	85	1
Seafood	1	0011791	Ikura	31.00	406	1
Dairy Products	1	0011792	Queso Cabrales	21.00	423	1
Dairy Products	1	0011793	Queso Manchego La Pastora	38.00	104	1
Seafood	1	0011794	Konbu	6.00	137	1
Produce	1	0011795	Tofu	23.25	33	1
Condiments	1	0011796	Genen Shouyu	15.50	408	1
Confections	1	0011797	Pavlova	17.45	308	1
Meat/Poultry	0	0011798	Alice Mutton	39.00	220	1
Seafood	1	0011799	Carnarvon Tigers	62.50	11	1
Confections	1	0011800	Teatime Chocolate Biscuits	9.20	439	1
Confections	1	0011801	Sir Rodney's Marmalade	81.00	155	1
Confections	1	0011802	Sir Rodney's Scones	10.00	393	1
Grains/Cereals	1	0011803	Gustaf's Knäckebröd	21.00	353	1
Grains/Cereals	1	0011804	Tunnbröd	9.00	182	1
Beverages	1	0011805	Guaraná Fantástica	4.50	143	1
Confections	1	0011806	NuNuCa Nuß-Nougat-Creme	14.00	407	1
Confections	1	0011807	Gumbär Gummibärchen	31.23	343	1
Confections	1	0011808	Schoggi Schokolade	43.90	49	1
Produce	1	0011809	Rössle Sauerkraut	45.60	480	1
Meat/Poultry	1	0011810	Thüringer Rostbratwurst	123.79	187	1
Seafood	1	0011811	Nord-Ost Matjeshering	25.89	7	1
Dairy Products	1	0011812	Gorgonzola Telino	12.50	417	1
Dairy Products	1	0011813	Mascarpone Fabioli	32.00	222	1
Dairy Products	1	0011814	Geitost	2.50	130	1
Beverages	1	0011815	Sasquatch Ale	14.00	352	1
Beverages	1	0011816	Steeleye Stout	18.00	225	1
Seafood	1	0011817	Inlagd Sill	19.00	381	1
Seafood	1	0011818	Gravad lax	26.00	364	1
Beverages	1	0011819	Côte de Blaye	263.50	293	1
Beverages	1	0011820	Chartreuse verte	18.00	223	1
Seafood	1	0011821	Boston Crab Meat	18.40	283	1
Seafood	1	0011822	Jack's New England Clam Chowder	9.65	457	1
Grains/Cereals	1	0011823	Singaporean Hokkien Fried Mee	14.00	46	1
Beverages	1	0011824	Ipoh Coffee	46.00	276	1
Condiments	1	0011825	Gula Malacca	19.45	140	1
Seafood	1	0011826	Rogede sild	9.50	22	1
Seafood	1	0011827	Spegesild	12.00	163	1
Confections	1	0011828	Zaanse koeken	9.50	202	1
Confections	1	0011829	Chocolade	12.75	76	1
Confections	1	0011830	Maxilaku	20.00	292	1
Confections	1	0011831	Valkoinen suklaa	16.25	199	1
Produce	1	0011832	Manjimup Dried Apples	53.00	487	1
Grains/Cereals	1	0011833	Filo Mix	7.00	113	1
Meat/Poultry	1	0011834	Perth Pasties	32.80	183	1
Meat/Poultry	1	0011835	Tourtière	7.45	168	1
Meat/Poultry	1	0011836	Pâté chinois	24.00	419	1
Grains/Cereals	1	0011837	Gnocchi di nonna Alice	38.00	16	1
Grains/Cereals	1	0011838	Ravioli Angelo	19.50	32	1
Seafood	0	0011839	Escargots de Bourgogne	13.25	107	1
Dairy Products	1	0011840	Raclette Courdavault	55.00	318	1
Dairy Products	1	0011841	Camembert Pierrot	34.00	463	1
Condiments	1	0011842	Sirop d'érable	28.50	108	1
Confections	1	0011843	Tarte au sucre	49.30	141	1
Condiments	1	0011844	Vegie-spread	43.90	298	1
Grains/Cereals	1	0011845	Wimmers gute Semmelknödel	33.25	41	1
Condiments	1	0011846	Louisiana Fiery Hot Pepper Sauce	21.05	59	1
Condiments	1	0011847	Louisiana Hot Spiced Okra	17.00	386	0
Beverages	1	0011848	Laughing Lumberjack Lager	14.00	348	1
Confections	1	0011849	Scottish Longbreads	12.50	179	1
Dairy Products	1	0011850	Gudbrandsdalsost	36.00	257	1
Beverages	1	0011851	Outback Lager	15.00	326	1
Dairy Products	1	0011852	Flotemysost	21.50	21	1
Dairy Products	1	0011853	Mozzarella di Giovanni	34.80	160	1
Seafood	1	0011854	Röd Kaviar	15.00	110	1
Produce	1	0011855	Longlife Tofu	10.00	212	1
Beverages	1	0011856	Rhönbräu Klosterbier	7.75	0	1
Beverages	1	0011857	Lakkalikööri	18.00	160	1
Condiments	1	0011858	Original Frankfurter grüne Soße	13.00	441	0
Beverages	1	0011859	Chai	18.00	402	1
Beverages	1	0011860	Chang	19.00	265	1
Condiments	0	0011861	Aniseed Syrup	10.00	452	1
Condiments	1	0011862	Chef Anton's Cajun Seasoning	22.00	150	1
Condiments	1	0011863	Chef Anton's Gumbo Mix	21.35	48	1
Condiments	1	0011864	Grandma's Boysenberry Spread	25.00	191	1
Produce	1	0011865	Uncle Bob's Organic Dried Pears	30.00	468	1
Condiments	1	0011866	Northwoods Cranberry Sauce	40.00	151	1
Meat/Poultry	1	0011867	Mishi Kobe Niku	97.00	59	1
Seafood	1	0011868	Ikura	31.00	401	1
Dairy Products	1	0011869	Queso Cabrales	21.00	182	0
Dairy Products	1	0011870	Queso Manchego La Pastora	38.00	343	1
Seafood	1	0011871	Konbu	6.00	113	1
Produce	1	0011872	Tofu	23.25	272	1
Condiments	1	0011873	Genen Shouyu	15.50	407	1
Confections	1	0011874	Pavlova	17.45	3	1
Meat/Poultry	1	0011875	Alice Mutton	39.00	312	1
Seafood	1	0011876	Carnarvon Tigers	62.50	104	1
Confections	1	0011877	Teatime Chocolate Biscuits	9.20	485	1
Confections	1	0011878	Sir Rodney's Marmalade	81.00	366	1
Confections	1	0011879	Sir Rodney's Scones	10.00	187	1
Grains/Cereals	0	0011880	Gustaf's Knäckebröd	21.00	359	1
Grains/Cereals	1	0011881	Tunnbröd	9.00	78	1
Beverages	1	0011882	Guaraná Fantástica	4.50	416	1
Confections	1	0011883	NuNuCa Nuß-Nougat-Creme	14.00	143	1
Confections	1	0011884	Gumbär Gummibärchen	31.23	69	1
Confections	1	0011885	Schoggi Schokolade	43.90	440	1
Produce	1	0011886	Rössle Sauerkraut	45.60	340	1
Meat/Poultry	1	0011887	Thüringer Rostbratwurst	123.79	109	1
Seafood	1	0011888	Nord-Ost Matjeshering	25.89	479	1
Dairy Products	1	0011889	Gorgonzola Telino	12.50	267	1
Dairy Products	1	0011890	Mascarpone Fabioli	32.00	366	1
Dairy Products	1	0011891	Geitost	2.50	198	1
Beverages	1	0011892	Sasquatch Ale	14.00	470	1
Beverages	1	0011893	Steeleye Stout	18.00	463	1
Seafood	1	0011894	Inlagd Sill	19.00	67	1
Seafood	1	0011895	Gravad lax	26.00	469	1
Beverages	1	0011896	Côte de Blaye	263.50	425	1
Beverages	1	0011897	Chartreuse verte	18.00	162	1
Seafood	1	0011898	Boston Crab Meat	18.40	56	1
Seafood	1	0011899	Jack's New England Clam Chowder	9.65	425	1
Grains/Cereals	1	0011900	Singaporean Hokkien Fried Mee	14.00	460	1
Beverages	1	0011901	Ipoh Coffee	46.00	442	1
Condiments	1	0011902	Gula Malacca	19.45	117	1
Seafood	1	0011903	Rogede sild	9.50	311	1
Seafood	1	0011904	Spegesild	12.00	93	1
Confections	1	0011905	Zaanse koeken	9.50	381	1
Confections	1	0011906	Chocolade	12.75	368	1
Confections	1	0011907	Maxilaku	20.00	403	1
Confections	1	0011908	Valkoinen suklaa	16.25	145	1
Produce	1	0011909	Manjimup Dried Apples	53.00	220	1
Grains/Cereals	1	0011910	Filo Mix	7.00	358	1
Meat/Poultry	1	0011911	Perth Pasties	32.80	53	1
Meat/Poultry	1	0011912	Tourtière	7.45	360	1
Meat/Poultry	1	0011913	Pâté chinois	24.00	390	1
Grains/Cereals	1	0011914	Gnocchi di nonna Alice	38.00	495	1
Grains/Cereals	1	0011915	Ravioli Angelo	19.50	83	0
Seafood	1	0011916	Escargots de Bourgogne	13.25	25	1
Dairy Products	1	0011917	Raclette Courdavault	55.00	3	1
Dairy Products	1	0011918	Camembert Pierrot	34.00	140	1
Condiments	1	0011919	Sirop d'érable	28.50	455	1
Confections	1	0011920	Tarte au sucre	49.30	130	0
Condiments	1	0011921	Vegie-spread	43.90	429	1
Grains/Cereals	1	0011922	Wimmers gute Semmelknödel	33.25	38	1
Condiments	1	0011923	Louisiana Fiery Hot Pepper Sauce	21.05	52	1
Condiments	1	0011924	Louisiana Hot Spiced Okra	17.00	282	1
Beverages	1	0011925	Laughing Lumberjack Lager	14.00	288	1
Confections	1	0011926	Scottish Longbreads	12.50	448	1
Dairy Products	1	0011927	Gudbrandsdalsost	36.00	5	1
Beverages	1	0011928	Outback Lager	15.00	378	1
Dairy Products	1	0011929	Flotemysost	21.50	256	1
Dairy Products	1	0011930	Mozzarella di Giovanni	34.80	354	1
Seafood	1	0011931	Röd Kaviar	15.00	203	1
Produce	1	0011932	Longlife Tofu	10.00	350	1
Beverages	1	0011933	Rhönbräu Klosterbier	7.75	426	1
Beverages	1	0011934	Lakkalikööri	18.00	249	1
Condiments	1	0011935	Original Frankfurter grüne Soße	13.00	140	1
Beverages	1	0011936	Chai	18.00	316	1
Beverages	1	0011937	Chang	19.00	183	1
Condiments	1	0011938	Aniseed Syrup	10.00	333	1
Condiments	1	0011939	Chef Anton's Cajun Seasoning	22.00	161	1
Condiments	1	0011940	Chef Anton's Gumbo Mix	21.35	321	1
Condiments	1	0011941	Grandma's Boysenberry Spread	25.00	385	1
Produce	1	0011942	Uncle Bob's Organic Dried Pears	30.00	307	1
Condiments	1	0011943	Northwoods Cranberry Sauce	40.00	49	1
Meat/Poultry	1	0011944	Mishi Kobe Niku	97.00	146	1
Seafood	1	0011945	Ikura	31.00	322	1
Dairy Products	1	0011946	Queso Cabrales	21.00	150	1
Dairy Products	1	0011947	Queso Manchego La Pastora	38.00	265	1
Seafood	1	0011948	Konbu	6.00	68	1
Produce	1	0011949	Tofu	23.25	198	1
Condiments	1	0011950	Genen Shouyu	15.50	490	1
Confections	1	0011951	Pavlova	17.45	199	1
Meat/Poultry	1	0011952	Alice Mutton	39.00	276	1
Seafood	1	0011953	Carnarvon Tigers	62.50	97	0
Confections	1	0011954	Teatime Chocolate Biscuits	9.20	138	1
Confections	1	0011955	Sir Rodney's Marmalade	81.00	280	1
Confections	1	0011956	Sir Rodney's Scones	10.00	402	1
Grains/Cereals	1	0011957	Gustaf's Knäckebröd	21.00	23	1
Grains/Cereals	1	0011958	Tunnbröd	9.00	80	1
Beverages	1	0011959	Guaraná Fantástica	4.50	420	1
Confections	1	0011960	NuNuCa Nuß-Nougat-Creme	14.00	32	0
Confections	1	0011961	Gumbär Gummibärchen	31.23	254	1
Confections	1	0011962	Schoggi Schokolade	43.90	367	1
Produce	1	0011963	Rössle Sauerkraut	45.60	140	1
Meat/Poultry	1	0011964	Thüringer Rostbratwurst	123.79	77	1
Seafood	1	0011965	Nord-Ost Matjeshering	25.89	425	1
Dairy Products	1	0011966	Gorgonzola Telino	12.50	381	1
Dairy Products	1	0011967	Mascarpone Fabioli	32.00	158	1
Dairy Products	1	0011968	Geitost	2.50	231	1
Beverages	1	0011969	Sasquatch Ale	14.00	434	1
Beverages	1	0011970	Steeleye Stout	18.00	4	1
Seafood	1	0011971	Inlagd Sill	19.00	459	1
Seafood	1	0011972	Gravad lax	26.00	44	1
Beverages	1	0011973	Côte de Blaye	263.50	139	1
Beverages	1	0011974	Chartreuse verte	18.00	168	1
Seafood	1	0011975	Boston Crab Meat	18.40	117	1
Seafood	1	0011976	Jack's New England Clam Chowder	9.65	76	1
Grains/Cereals	1	0011977	Singaporean Hokkien Fried Mee	14.00	63	1
Beverages	0	0011978	Ipoh Coffee	46.00	75	1
Condiments	1	0011979	Gula Malacca	19.45	469	1
Seafood	1	0011980	Rogede sild	9.50	371	1
Seafood	1	0011981	Spegesild	12.00	465	1
Confections	1	0011982	Zaanse koeken	9.50	143	1
Confections	1	0011983	Chocolade	12.75	275	1
Confections	1	0011984	Maxilaku	20.00	113	1
Confections	1	0011985	Valkoinen suklaa	16.25	439	1
Produce	1	0011986	Manjimup Dried Apples	53.00	238	1
Grains/Cereals	1	0011987	Filo Mix	7.00	390	1
Meat/Poultry	1	0011988	Perth Pasties	32.80	155	1
Meat/Poultry	1	0011989	Tourtière	7.45	475	1
Meat/Poultry	1	0011990	Pâté chinois	24.00	75	1
Grains/Cereals	1	0011991	Gnocchi di nonna Alice	38.00	318	1
Grains/Cereals	1	0011992	Ravioli Angelo	19.50	461	1
Seafood	1	0011993	Escargots de Bourgogne	13.25	55	1
Dairy Products	1	0011994	Raclette Courdavault	55.00	411	1
Dairy Products	1	0011995	Camembert Pierrot	34.00	441	1
Condiments	1	0011996	Sirop d'érable	28.50	176	1
Confections	1	0011997	Tarte au sucre	49.30	315	1
Condiments	1	0011998	Vegie-spread	43.90	111	1
Grains/Cereals	1	0011999	Wimmers gute Semmelknödel	33.25	242	1
Condiments	1	0012000	Louisiana Fiery Hot Pepper Sauce	21.05	483	1
Condiments	1	0012001	Louisiana Hot Spiced Okra	17.00	213	1
Beverages	1	0012002	Laughing Lumberjack Lager	14.00	257	1
Confections	1	0012003	Scottish Longbreads	12.50	100	1
Dairy Products	1	0012004	Gudbrandsdalsost	36.00	421	1
Beverages	1	0012005	Outback Lager	15.00	151	1
Dairy Products	1	0012006	Flotemysost	21.50	164	1
Dairy Products	1	0012007	Mozzarella di Giovanni	34.80	460	1
Seafood	1	0012008	Röd Kaviar	15.00	285	1
Produce	1	0012009	Longlife Tofu	10.00	169	1
Beverages	1	0012010	Rhönbräu Klosterbier	7.75	172	1
Beverages	1	0012011	Lakkalikööri	18.00	269	1
Condiments	1	0012012	Original Frankfurter grüne Soße	13.00	81	1
Beverages	0	0012013	Chai	18.00	203	1
Beverages	1	0012014	Chang	19.00	193	1
Condiments	1	0012015	Aniseed Syrup	10.00	276	1
Condiments	1	0012016	Chef Anton's Cajun Seasoning	22.00	164	1
Condiments	1	0012017	Chef Anton's Gumbo Mix	21.35	228	1
Condiments	1	0012018	Grandma's Boysenberry Spread	25.00	28	1
Produce	1	0012019	Uncle Bob's Organic Dried Pears	30.00	36	1
Condiments	1	0012020	Northwoods Cranberry Sauce	40.00	366	1
Meat/Poultry	1	0012021	Mishi Kobe Niku	97.00	309	1
Seafood	1	0012022	Ikura	31.00	384	1
Dairy Products	1	0012023	Queso Cabrales	21.00	48	1
Dairy Products	1	0012024	Queso Manchego La Pastora	38.00	430	0
Seafood	1	0012025	Konbu	6.00	42	1
Produce	1	0012026	Tofu	23.25	112	1
Condiments	0	0012027	Genen Shouyu	15.50	7	1
Confections	1	0012028	Pavlova	17.45	472	1
Meat/Poultry	1	0012029	Alice Mutton	39.00	403	1
Seafood	1	0012030	Carnarvon Tigers	62.50	156	1
Confections	1	0012031	Teatime Chocolate Biscuits	9.20	138	1
Confections	1	0012032	Sir Rodney's Marmalade	81.00	304	1
Confections	1	0012033	Sir Rodney's Scones	10.00	49	1
Grains/Cereals	1	0012034	Gustaf's Knäckebröd	21.00	185	1
Grains/Cereals	1	0012035	Tunnbröd	9.00	454	1
Beverages	1	0012036	Guaraná Fantástica	4.50	230	1
Confections	1	0012037	NuNuCa Nuß-Nougat-Creme	14.00	315	1
Confections	1	0012038	Gumbär Gummibärchen	31.23	384	1
Confections	1	0012039	Schoggi Schokolade	43.90	324	1
Produce	1	0012040	Rössle Sauerkraut	45.60	307	1
Meat/Poultry	1	0012041	Thüringer Rostbratwurst	123.79	364	1
Seafood	1	0012042	Nord-Ost Matjeshering	25.89	282	1
Dairy Products	1	0012043	Gorgonzola Telino	12.50	375	1
Dairy Products	1	0012044	Mascarpone Fabioli	32.00	428	1
Dairy Products	1	0012045	Geitost	2.50	27	1
Beverages	1	0012046	Sasquatch Ale	14.00	414	1
Beverages	1	0012047	Steeleye Stout	18.00	293	1
Seafood	1	0012048	Inlagd Sill	19.00	130	1
Seafood	1	0012049	Gravad lax	26.00	470	1
Beverages	1	0012050	Côte de Blaye	263.50	462	1
Beverages	1	0012051	Chartreuse verte	18.00	487	1
Seafood	1	0012052	Boston Crab Meat	18.40	82	1
Seafood	1	0012053	Jack's New England Clam Chowder	9.65	308	1
Grains/Cereals	1	0012054	Singaporean Hokkien Fried Mee	14.00	475	1
Beverages	1	0012055	Ipoh Coffee	46.00	230	0
Condiments	1	0012056	Gula Malacca	19.45	159	1
Seafood	1	0012057	Rogede sild	9.50	449	1
Seafood	1	0012058	Spegesild	12.00	202	1
Confections	1	0012059	Zaanse koeken	9.50	241	1
Confections	1	0012060	Chocolade	12.75	3	1
Confections	1	0012061	Maxilaku	20.00	197	1
Confections	1	0012062	Valkoinen suklaa	16.25	390	1
Produce	1	0012063	Manjimup Dried Apples	53.00	344	0
Grains/Cereals	1	0012064	Filo Mix	7.00	367	1
Meat/Poultry	1	0012065	Perth Pasties	32.80	281	1
Meat/Poultry	1	0012066	Tourtière	7.45	495	1
Meat/Poultry	1	0012067	Pâté chinois	24.00	275	1
Grains/Cereals	1	0012068	Gnocchi di nonna Alice	38.00	475	1
Grains/Cereals	1	0012069	Ravioli Angelo	19.50	212	1
Seafood	1	0012070	Escargots de Bourgogne	13.25	246	1
Dairy Products	1	0012071	Raclette Courdavault	55.00	225	1
Dairy Products	1	0012072	Camembert Pierrot	34.00	404	1
Condiments	1	0012073	Sirop d'érable	28.50	435	1
Confections	0	0012074	Tarte au sucre	49.30	398	1
Condiments	1	0012075	Vegie-spread	43.90	429	1
Grains/Cereals	1	0012076	Wimmers gute Semmelknödel	33.25	389	1
Condiments	1	0012077	Louisiana Fiery Hot Pepper Sauce	21.05	337	1
Condiments	1	0012078	Louisiana Hot Spiced Okra	17.00	139	0
Beverages	1	0012079	Laughing Lumberjack Lager	14.00	48	1
Confections	1	0012080	Scottish Longbreads	12.50	468	1
Dairy Products	1	0012081	Gudbrandsdalsost	36.00	266	1
Beverages	1	0012082	Outback Lager	15.00	449	1
Dairy Products	1	0012083	Flotemysost	21.50	494	1
Dairy Products	1	0012084	Mozzarella di Giovanni	34.80	440	1
Seafood	1	0012085	Röd Kaviar	15.00	78	1
Produce	1	0012086	Longlife Tofu	10.00	14	1
Beverages	1	0012087	Rhönbräu Klosterbier	7.75	239	1
Beverages	1	0012088	Lakkalikööri	18.00	387	1
Condiments	1	0012089	Original Frankfurter grüne Soße	13.00	363	1
Beverages	1	0012090	Chai	18.00	192	1
Beverages	1	0012091	Chang	19.00	48	1
Condiments	1	0012092	Aniseed Syrup	10.00	173	1
Condiments	1	0012093	Chef Anton's Cajun Seasoning	22.00	377	1
Condiments	1	0012094	Chef Anton's Gumbo Mix	21.35	320	1
Condiments	1	0012095	Grandma's Boysenberry Spread	25.00	132	1
Produce	1	0012096	Uncle Bob's Organic Dried Pears	30.00	255	1
Condiments	1	0012097	Northwoods Cranberry Sauce	40.00	53	1
Meat/Poultry	1	0012098	Mishi Kobe Niku	97.00	99	1
Seafood	1	0012099	Ikura	31.00	295	1
Dairy Products	1	0012100	Queso Cabrales	21.00	236	1
Dairy Products	1	0012101	Queso Manchego La Pastora	38.00	249	1
Seafood	1	0012102	Konbu	6.00	403	1
Produce	1	0012103	Tofu	23.25	426	1
Condiments	1	0012104	Genen Shouyu	15.50	131	1
Confections	1	0012105	Pavlova	17.45	177	1
Meat/Poultry	1	0012106	Alice Mutton	39.00	284	1
Seafood	1	0012107	Carnarvon Tigers	62.50	278	1
Confections	1	0012108	Teatime Chocolate Biscuits	9.20	402	1
Confections	1	0012109	Sir Rodney's Marmalade	81.00	102	1
Confections	1	0012110	Sir Rodney's Scones	10.00	415	0
Grains/Cereals	1	0012111	Gustaf's Knäckebröd	21.00	186	1
Grains/Cereals	1	0012112	Tunnbröd	9.00	38	0
Beverages	1	0012113	Guaraná Fantástica	4.50	171	1
Confections	1	0012114	NuNuCa Nuß-Nougat-Creme	14.00	157	1
Confections	1	0012115	Gumbär Gummibärchen	31.23	211	1
Confections	1	0012116	Schoggi Schokolade	43.90	80	1
Produce	1	0012117	Rössle Sauerkraut	45.60	299	1
Meat/Poultry	1	0012118	Thüringer Rostbratwurst	123.79	442	1
Seafood	1	0012119	Nord-Ost Matjeshering	25.89	49	1
Dairy Products	1	0012120	Gorgonzola Telino	12.50	419	1
Dairy Products	1	0012121	Mascarpone Fabioli	32.00	235	1
Dairy Products	1	0012122	Geitost	2.50	429	0
Beverages	1	0012123	Sasquatch Ale	14.00	308	1
Beverages	1	0012124	Steeleye Stout	18.00	463	1
Seafood	1	0012125	Inlagd Sill	19.00	472	1
Seafood	1	0012126	Gravad lax	26.00	480	1
Beverages	1	0012127	Côte de Blaye	263.50	118	1
Beverages	1	0012128	Chartreuse verte	18.00	18	1
Seafood	1	0012129	Boston Crab Meat	18.40	23	1
Seafood	1	0012130	Jack's New England Clam Chowder	9.65	234	1
Grains/Cereals	1	0012131	Singaporean Hokkien Fried Mee	14.00	345	1
Beverages	1	0012132	Ipoh Coffee	46.00	408	1
Condiments	1	0012133	Gula Malacca	19.45	81	1
Seafood	1	0012134	Rogede sild	9.50	317	1
Seafood	1	0012135	Spegesild	12.00	432	1
Confections	1	0012136	Zaanse koeken	9.50	468	1
Confections	1	0012137	Chocolade	12.75	80	1
Confections	1	0012138	Maxilaku	20.00	3	1
Confections	1	0012139	Valkoinen suklaa	16.25	157	1
Produce	1	0012140	Manjimup Dried Apples	53.00	494	1
Grains/Cereals	1	0012141	Filo Mix	7.00	320	1
Meat/Poultry	1	0012142	Perth Pasties	32.80	435	1
Meat/Poultry	1	0012143	Tourtière	7.45	300	1
Meat/Poultry	1	0012144	Pâté chinois	24.00	260	1
Grains/Cereals	1	0012145	Gnocchi di nonna Alice	38.00	328	1
Grains/Cereals	1	0012146	Ravioli Angelo	19.50	32	1
Seafood	1	0012147	Escargots de Bourgogne	13.25	175	1
Dairy Products	1	0012148	Raclette Courdavault	55.00	482	1
Dairy Products	1	0012149	Camembert Pierrot	34.00	495	1
Condiments	1	0012150	Sirop d'érable	28.50	471	1
Confections	1	0012151	Tarte au sucre	49.30	108	1
Condiments	1	0012152	Vegie-spread	43.90	437	1
Grains/Cereals	1	0012153	Wimmers gute Semmelknödel	33.25	254	1
Condiments	1	0012154	Louisiana Fiery Hot Pepper Sauce	21.05	76	1
Condiments	1	0012155	Louisiana Hot Spiced Okra	17.00	336	1
Beverages	1	0012156	Laughing Lumberjack Lager	14.00	447	1
Confections	1	0012157	Scottish Longbreads	12.50	446	1
Dairy Products	1	0012158	Gudbrandsdalsost	36.00	265	1
Beverages	1	0012159	Outback Lager	15.00	197	1
Dairy Products	1	0012160	Flotemysost	21.50	324	1
Dairy Products	1	0012161	Mozzarella di Giovanni	34.80	40	1
Seafood	1	0012162	Röd Kaviar	15.00	414	1
Produce	1	0012163	Longlife Tofu	10.00	226	1
Beverages	1	0012164	Rhönbräu Klosterbier	7.75	331	1
Beverages	1	0012165	Lakkalikööri	18.00	129	1
Condiments	1	0012166	Original Frankfurter grüne Soße	13.00	226	1
Beverages	1	0012167	Chai	18.00	2	1
Beverages	1	0012168	Chang	19.00	425	1
Condiments	1	0012169	Aniseed Syrup	10.00	161	1
Condiments	1	0012170	Chef Anton's Cajun Seasoning	22.00	132	1
Condiments	1	0012171	Chef Anton's Gumbo Mix	21.35	225	0
Condiments	1	0012172	Grandma's Boysenberry Spread	25.00	283	1
Produce	1	0012173	Uncle Bob's Organic Dried Pears	30.00	495	0
Condiments	1	0012174	Northwoods Cranberry Sauce	40.00	117	0
Meat/Poultry	1	0012175	Mishi Kobe Niku	97.00	273	1
Seafood	1	0012176	Ikura	31.00	96	1
Dairy Products	1	0012177	Queso Cabrales	21.00	126	1
Dairy Products	1	0012178	Queso Manchego La Pastora	38.00	499	1
Seafood	1	0012179	Konbu	6.00	470	0
Produce	1	0012180	Tofu	23.25	243	1
Condiments	1	0012181	Genen Shouyu	15.50	495	1
Confections	1	0012182	Pavlova	17.45	180	1
Meat/Poultry	0	0012183	Alice Mutton	39.00	111	1
Seafood	1	0012184	Carnarvon Tigers	62.50	131	1
Confections	1	0012185	Teatime Chocolate Biscuits	9.20	23	1
Confections	1	0012186	Sir Rodney's Marmalade	81.00	208	1
Confections	1	0012187	Sir Rodney's Scones	10.00	272	1
Grains/Cereals	1	0012188	Gustaf's Knäckebröd	21.00	105	1
Grains/Cereals	1	0012189	Tunnbröd	9.00	202	1
Beverages	1	0012190	Guaraná Fantástica	4.50	136	1
Confections	1	0012191	NuNuCa Nuß-Nougat-Creme	14.00	488	1
Confections	1	0012192	Gumbär Gummibärchen	31.23	381	1
Confections	1	0012193	Schoggi Schokolade	43.90	438	1
Produce	1	0012194	Rössle Sauerkraut	45.60	100	1
Meat/Poultry	1	0012195	Thüringer Rostbratwurst	123.79	242	1
Seafood	1	0012196	Nord-Ost Matjeshering	25.89	75	1
Dairy Products	1	0012197	Gorgonzola Telino	12.50	388	1
Dairy Products	1	0012198	Mascarpone Fabioli	32.00	35	1
Dairy Products	1	0012199	Geitost	2.50	91	1
Beverages	1	0012200	Sasquatch Ale	14.00	247	1
Beverages	1	0012201	Steeleye Stout	18.00	447	1
Seafood	1	0012202	Inlagd Sill	19.00	153	1
Seafood	1	0012203	Gravad lax	26.00	451	1
Beverages	1	0012204	Côte de Blaye	263.50	240	1
Beverages	1	0012205	Chartreuse verte	18.00	120	1
Seafood	1	0012206	Boston Crab Meat	18.40	44	0
Seafood	1	0012207	Jack's New England Clam Chowder	9.65	164	1
Grains/Cereals	1	0012208	Singaporean Hokkien Fried Mee	14.00	138	1
Beverages	1	0012209	Ipoh Coffee	46.00	302	1
Condiments	1	0012210	Gula Malacca	19.45	484	1
Seafood	1	0012211	Rogede sild	9.50	387	1
Seafood	1	0012212	Spegesild	12.00	209	1
Confections	1	0012213	Zaanse koeken	9.50	14	1
Confections	1	0012214	Chocolade	12.75	240	1
Confections	1	0012215	Maxilaku	20.00	30	1
Confections	1	0012216	Valkoinen suklaa	16.25	468	1
Produce	1	0012217	Manjimup Dried Apples	53.00	61	1
Grains/Cereals	1	0012218	Filo Mix	7.00	122	1
Meat/Poultry	1	0012219	Perth Pasties	32.80	48	1
Meat/Poultry	1	0012220	Tourtière	7.45	65	1
Meat/Poultry	1	0012221	Pâté chinois	24.00	186	1
Grains/Cereals	1	0012222	Gnocchi di nonna Alice	38.00	494	1
Grains/Cereals	1	0012223	Ravioli Angelo	19.50	358	1
Seafood	1	0012224	Escargots de Bourgogne	13.25	467	1
Dairy Products	1	0012225	Raclette Courdavault	55.00	256	1
Dairy Products	1	0012226	Camembert Pierrot	34.00	355	1
Condiments	1	0012227	Sirop d'érable	28.50	250	1
Confections	1	0012228	Tarte au sucre	49.30	321	1
Condiments	1	0012229	Vegie-spread	43.90	328	1
Grains/Cereals	1	0012230	Wimmers gute Semmelknödel	33.25	419	1
Condiments	1	0012231	Louisiana Fiery Hot Pepper Sauce	21.05	18	0
Condiments	1	0012232	Louisiana Hot Spiced Okra	17.00	389	1
Beverages	1	0012233	Laughing Lumberjack Lager	14.00	225	1
Confections	1	0012234	Scottish Longbreads	12.50	496	1
Dairy Products	1	0012235	Gudbrandsdalsost	36.00	130	0
Beverages	1	0012236	Outback Lager	15.00	236	1
Dairy Products	1	0012237	Flotemysost	21.50	168	1
Dairy Products	1	0012238	Mozzarella di Giovanni	34.80	3	1
Seafood	1	0012239	Röd Kaviar	15.00	317	1
Produce	1	0012240	Longlife Tofu	10.00	29	1
Beverages	1	0012241	Rhönbräu Klosterbier	7.75	443	1
Beverages	1	0012242	Lakkalikööri	18.00	259	1
Condiments	1	0012243	Original Frankfurter grüne Soße	13.00	199	1
Beverages	1	0012244	Chai	18.00	378	1
Beverages	1	0012245	Chang	19.00	381	1
Condiments	1	0012246	Aniseed Syrup	10.00	257	1
Condiments	1	0012247	Chef Anton's Cajun Seasoning	22.00	136	1
Condiments	1	0012248	Chef Anton's Gumbo Mix	21.35	337	1
Condiments	1	0012249	Grandma's Boysenberry Spread	25.00	380	1
Produce	1	0012250	Uncle Bob's Organic Dried Pears	30.00	95	0
Condiments	1	0012251	Northwoods Cranberry Sauce	40.00	320	0
Meat/Poultry	1	0012252	Mishi Kobe Niku	97.00	432	1
Seafood	1	0012253	Ikura	31.00	216	1
Dairy Products	1	0012254	Queso Cabrales	21.00	63	1
Dairy Products	1	0012255	Queso Manchego La Pastora	38.00	426	1
Seafood	1	0012256	Konbu	6.00	66	0
Produce	1	0012257	Tofu	23.25	318	1
Condiments	1	0012258	Genen Shouyu	15.50	10	1
Confections	1	0012259	Pavlova	17.45	84	1
Meat/Poultry	1	0012260	Alice Mutton	39.00	493	1
Seafood	1	0012261	Carnarvon Tigers	62.50	1	1
Confections	1	0012262	Teatime Chocolate Biscuits	9.20	305	0
Confections	1	0012263	Sir Rodney's Marmalade	81.00	180	1
Confections	1	0012264	Sir Rodney's Scones	10.00	30	1
Grains/Cereals	1	0012265	Gustaf's Knäckebröd	21.00	106	1
Grains/Cereals	1	0012266	Tunnbröd	9.00	74	0
Beverages	1	0012267	Guaraná Fantástica	4.50	182	1
Confections	1	0012268	NuNuCa Nuß-Nougat-Creme	14.00	471	1
Confections	1	0012269	Gumbär Gummibärchen	31.23	65	0
Confections	1	0012270	Schoggi Schokolade	43.90	272	1
Produce	1	0012271	Rössle Sauerkraut	45.60	354	0
Meat/Poultry	1	0012272	Thüringer Rostbratwurst	123.79	64	1
Seafood	1	0012273	Nord-Ost Matjeshering	25.89	270	1
Dairy Products	1	0012274	Gorgonzola Telino	12.50	16	1
Dairy Products	1	0012275	Mascarpone Fabioli	32.00	28	1
Dairy Products	1	0012276	Geitost	2.50	271	1
Beverages	1	0012277	Sasquatch Ale	14.00	468	1
Beverages	1	0012278	Steeleye Stout	18.00	422	1
Seafood	1	0012279	Inlagd Sill	19.00	104	1
Seafood	1	0012280	Gravad lax	26.00	383	1
Beverages	1	0012281	Côte de Blaye	263.50	168	1
Beverages	1	0012282	Chartreuse verte	18.00	269	1
Seafood	1	0012283	Boston Crab Meat	18.40	43	1
Seafood	1	0012284	Jack's New England Clam Chowder	9.65	440	1
Grains/Cereals	1	0012285	Singaporean Hokkien Fried Mee	14.00	445	1
Beverages	1	0012286	Ipoh Coffee	46.00	436	1
Condiments	1	0012287	Gula Malacca	19.45	489	1
Seafood	1	0012288	Rogede sild	9.50	445	1
Seafood	1	0012289	Spegesild	12.00	351	1
Confections	1	0012290	Zaanse koeken	9.50	269	1
Confections	1	0012291	Chocolade	12.75	463	1
Confections	1	0012292	Maxilaku	20.00	27	0
Confections	1	0012293	Valkoinen suklaa	16.25	216	1
Produce	1	0012294	Manjimup Dried Apples	53.00	317	1
Grains/Cereals	1	0012295	Filo Mix	7.00	379	1
Meat/Poultry	1	0012296	Perth Pasties	32.80	345	1
Meat/Poultry	1	0012297	Tourtière	7.45	362	0
Meat/Poultry	1	0012298	Pâté chinois	24.00	144	1
Grains/Cereals	1	0012299	Gnocchi di nonna Alice	38.00	365	1
Grains/Cereals	1	0012300	Ravioli Angelo	19.50	261	1
Seafood	1	0012301	Escargots de Bourgogne	13.25	147	1
Dairy Products	1	0012302	Raclette Courdavault	55.00	121	1
Dairy Products	1	0012303	Camembert Pierrot	34.00	477	0
Condiments	1	0012304	Sirop d'érable	28.50	184	1
Confections	1	0012305	Tarte au sucre	49.30	357	1
Condiments	1	0012306	Vegie-spread	43.90	188	1
Grains/Cereals	1	0012307	Wimmers gute Semmelknödel	33.25	39	1
Condiments	1	0012308	Louisiana Fiery Hot Pepper Sauce	21.05	364	1
Condiments	1	0012309	Louisiana Hot Spiced Okra	17.00	224	1
Beverages	1	0012310	Laughing Lumberjack Lager	14.00	393	1
Confections	1	0012311	Scottish Longbreads	12.50	478	1
Dairy Products	1	0012312	Gudbrandsdalsost	36.00	447	1
Beverages	1	0012313	Outback Lager	15.00	362	1
Dairy Products	1	0012314	Flotemysost	21.50	229	1
Dairy Products	1	0012315	Mozzarella di Giovanni	34.80	300	1
Seafood	1	0012316	Röd Kaviar	15.00	305	1
Produce	1	0012317	Longlife Tofu	10.00	252	0
Beverages	1	0012318	Rhönbräu Klosterbier	7.75	169	1
Beverages	1	0012319	Lakkalikööri	18.00	145	1
Condiments	1	0012320	Original Frankfurter grüne Soße	13.00	352	1
Beverages	1	0012321	Chai	18.00	135	1
Beverages	1	0012322	Chang	19.00	54	1
Condiments	1	0012323	Aniseed Syrup	10.00	347	1
Condiments	1	0012324	Chef Anton's Cajun Seasoning	22.00	337	1
Condiments	1	0012325	Chef Anton's Gumbo Mix	21.35	168	1
Condiments	1	0012326	Grandma's Boysenberry Spread	25.00	461	1
Produce	1	0012327	Uncle Bob's Organic Dried Pears	30.00	230	1
Condiments	1	0012328	Northwoods Cranberry Sauce	40.00	375	1
Meat/Poultry	1	0012329	Mishi Kobe Niku	97.00	63	1
Seafood	1	0012330	Ikura	31.00	78	1
Dairy Products	1	0012331	Queso Cabrales	21.00	203	1
Dairy Products	1	0012332	Queso Manchego La Pastora	38.00	482	1
Seafood	1	0012333	Konbu	6.00	57	1
Produce	1	0012334	Tofu	23.25	52	1
Condiments	1	0012335	Genen Shouyu	15.50	419	1
Confections	1	0012336	Pavlova	17.45	491	1
Meat/Poultry	1	0012337	Alice Mutton	39.00	404	1
Seafood	1	0012338	Carnarvon Tigers	62.50	493	1
Confections	1	0012339	Teatime Chocolate Biscuits	9.20	472	1
Confections	1	0012340	Sir Rodney's Marmalade	81.00	62	1
Confections	1	0012341	Sir Rodney's Scones	10.00	496	1
Grains/Cereals	1	0012342	Gustaf's Knäckebröd	21.00	406	1
Grains/Cereals	1	0012343	Tunnbröd	9.00	358	1
Beverages	1	0012344	Guaraná Fantástica	4.50	212	1
Confections	1	0012345	NuNuCa Nuß-Nougat-Creme	14.00	400	1
Confections	1	0012346	Gumbär Gummibärchen	31.23	154	1
Confections	1	0012347	Schoggi Schokolade	43.90	46	1
Produce	1	0012348	Rössle Sauerkraut	45.60	367	1
Meat/Poultry	1	0012349	Thüringer Rostbratwurst	123.79	242	1
Seafood	1	0012350	Nord-Ost Matjeshering	25.89	348	1
Dairy Products	1	0012351	Gorgonzola Telino	12.50	81	1
Dairy Products	1	0012352	Mascarpone Fabioli	32.00	233	1
Dairy Products	1	0012353	Geitost	2.50	284	1
Beverages	1	0012354	Sasquatch Ale	14.00	480	0
Beverages	1	0012355	Steeleye Stout	18.00	445	1
Seafood	1	0012356	Inlagd Sill	19.00	18	1
Seafood	1	0012357	Gravad lax	26.00	452	1
Beverages	1	0012358	Côte de Blaye	263.50	179	1
Beverages	1	0012359	Chartreuse verte	18.00	45	0
Seafood	1	0012360	Boston Crab Meat	18.40	390	1
Seafood	1	0012361	Jack's New England Clam Chowder	9.65	47	1
Grains/Cereals	1	0012362	Singaporean Hokkien Fried Mee	14.00	88	1
Beverages	1	0012363	Ipoh Coffee	46.00	24	1
Condiments	1	0012364	Gula Malacca	19.45	351	1
Seafood	1	0012365	Rogede sild	9.50	111	1
Seafood	1	0012366	Spegesild	12.00	255	1
Confections	1	0012367	Zaanse koeken	9.50	1	1
Confections	1	0012368	Chocolade	12.75	278	1
Confections	1	0012369	Maxilaku	20.00	86	1
Confections	1	0012370	Valkoinen suklaa	16.25	32	1
Produce	1	0012371	Manjimup Dried Apples	53.00	270	1
Grains/Cereals	1	0012372	Filo Mix	7.00	230	1
Meat/Poultry	1	0012373	Perth Pasties	32.80	211	1
Meat/Poultry	1	0012374	Tourtière	7.45	127	1
Meat/Poultry	1	0012375	Pâté chinois	24.00	431	1
Grains/Cereals	1	0012376	Gnocchi di nonna Alice	38.00	278	1
Grains/Cereals	1	0012377	Ravioli Angelo	19.50	47	1
Seafood	1	0012378	Escargots de Bourgogne	13.25	392	1
Dairy Products	1	0012379	Raclette Courdavault	55.00	142	1
Dairy Products	1	0012380	Camembert Pierrot	34.00	157	1
Condiments	1	0012381	Sirop d'érable	28.50	237	0
Confections	1	0012382	Tarte au sucre	49.30	350	1
Condiments	1	0012383	Vegie-spread	43.90	306	1
Grains/Cereals	1	0012384	Wimmers gute Semmelknödel	33.25	226	1
Condiments	1	0012385	Louisiana Fiery Hot Pepper Sauce	21.05	265	1
Condiments	1	0012386	Louisiana Hot Spiced Okra	17.00	242	1
Beverages	1	0012387	Laughing Lumberjack Lager	14.00	139	1
Confections	1	0012388	Scottish Longbreads	12.50	198	1
Dairy Products	1	0012389	Gudbrandsdalsost	36.00	156	1
Beverages	1	0012390	Outback Lager	15.00	417	1
Dairy Products	1	0012391	Flotemysost	21.50	291	1
Dairy Products	1	0012392	Mozzarella di Giovanni	34.80	47	1
Seafood	1	0012393	Röd Kaviar	15.00	223	1
Produce	1	0012394	Longlife Tofu	10.00	100	1
Beverages	1	0012395	Rhönbräu Klosterbier	7.75	78	0
Beverages	1	0012396	Lakkalikööri	18.00	298	1
Condiments	1	0012397	Original Frankfurter grüne Soße	13.00	480	1
Beverages	1	0012398	Chai	18.00	392	1
Beverages	1	0012399	Chang	19.00	214	1
Condiments	1	0012400	Aniseed Syrup	10.00	32	1
Condiments	1	0012401	Chef Anton's Cajun Seasoning	22.00	275	1
Condiments	1	0012402	Chef Anton's Gumbo Mix	21.35	400	1
Condiments	1	0012403	Grandma's Boysenberry Spread	25.00	395	1
Produce	1	0012404	Uncle Bob's Organic Dried Pears	30.00	330	1
Condiments	1	0012405	Northwoods Cranberry Sauce	40.00	251	1
Meat/Poultry	1	0012406	Mishi Kobe Niku	97.00	115	1
Seafood	1	0012407	Ikura	31.00	361	1
Dairy Products	1	0012408	Queso Cabrales	21.00	198	1
Dairy Products	1	0012409	Queso Manchego La Pastora	38.00	263	1
Seafood	1	0012410	Konbu	6.00	361	1
Produce	1	0012411	Tofu	23.25	167	1
Condiments	1	0012412	Genen Shouyu	15.50	475	1
Confections	1	0012413	Pavlova	17.45	299	1
Meat/Poultry	1	0012414	Alice Mutton	39.00	455	1
Seafood	1	0012415	Carnarvon Tigers	62.50	339	1
Confections	1	0012416	Teatime Chocolate Biscuits	9.20	469	1
Confections	1	0012417	Sir Rodney's Marmalade	81.00	410	1
Confections	1	0012418	Sir Rodney's Scones	10.00	346	1
Grains/Cereals	0	0012419	Gustaf's Knäckebröd	21.00	172	1
Grains/Cereals	1	0012420	Tunnbröd	9.00	469	1
Beverages	1	0012421	Guaraná Fantástica	4.50	333	1
Confections	1	0012422	NuNuCa Nuß-Nougat-Creme	14.00	481	1
Confections	1	0012423	Gumbär Gummibärchen	31.23	212	1
Confections	1	0012424	Schoggi Schokolade	43.90	18	1
Produce	1	0012425	Rössle Sauerkraut	45.60	492	1
Meat/Poultry	1	0012426	Thüringer Rostbratwurst	123.79	128	1
Seafood	1	0012427	Nord-Ost Matjeshering	25.89	31	1
Dairy Products	1	0012428	Gorgonzola Telino	12.50	350	1
Dairy Products	1	0012429	Mascarpone Fabioli	32.00	233	1
Dairy Products	1	0012430	Geitost	2.50	70	1
Beverages	1	0012431	Sasquatch Ale	14.00	323	1
Beverages	1	0012432	Steeleye Stout	18.00	270	1
Seafood	1	0012433	Inlagd Sill	19.00	11	1
Seafood	1	0012434	Gravad lax	26.00	321	1
Beverages	1	0012435	Côte de Blaye	263.50	450	1
Beverages	1	0012436	Chartreuse verte	18.00	278	1
Seafood	1	0012437	Boston Crab Meat	18.40	96	1
Seafood	1	0012438	Jack's New England Clam Chowder	9.65	363	1
Grains/Cereals	1	0012439	Singaporean Hokkien Fried Mee	14.00	243	1
Beverages	1	0012440	Ipoh Coffee	46.00	104	1
Condiments	1	0012441	Gula Malacca	19.45	302	1
Seafood	1	0012442	Rogede sild	9.50	142	0
Seafood	1	0012443	Spegesild	12.00	49	1
Confections	0	0012444	Zaanse koeken	9.50	380	0
Confections	1	0012445	Chocolade	12.75	39	1
Confections	1	0012446	Maxilaku	20.00	19	1
Confections	1	0012447	Valkoinen suklaa	16.25	41	1
Produce	1	0012448	Manjimup Dried Apples	53.00	460	1
Grains/Cereals	1	0012449	Filo Mix	7.00	470	1
Meat/Poultry	1	0012450	Perth Pasties	32.80	208	1
Meat/Poultry	1	0012451	Tourtière	7.45	170	1
Meat/Poultry	1	0012452	Pâté chinois	24.00	360	1
Grains/Cereals	1	0012453	Gnocchi di nonna Alice	38.00	219	1
Grains/Cereals	1	0012454	Ravioli Angelo	19.50	148	1
Seafood	1	0012455	Escargots de Bourgogne	13.25	257	1
Dairy Products	1	0012456	Raclette Courdavault	55.00	482	0
Dairy Products	1	0012457	Camembert Pierrot	34.00	245	1
Condiments	1	0012458	Sirop d'érable	28.50	187	1
Confections	1	0012459	Tarte au sucre	49.30	39	0
Condiments	0	0012460	Vegie-spread	43.90	459	1
Grains/Cereals	1	0012461	Wimmers gute Semmelknödel	33.25	205	1
Condiments	1	0012462	Louisiana Fiery Hot Pepper Sauce	21.05	173	1
Condiments	1	0012463	Louisiana Hot Spiced Okra	17.00	235	1
Beverages	1	0012464	Laughing Lumberjack Lager	14.00	122	1
Confections	1	0012465	Scottish Longbreads	12.50	145	1
Dairy Products	1	0012466	Gudbrandsdalsost	36.00	227	1
Beverages	1	0012467	Outback Lager	15.00	91	1
Dairy Products	1	0012468	Flotemysost	21.50	203	1
Dairy Products	1	0012469	Mozzarella di Giovanni	34.80	103	1
Seafood	1	0012470	Röd Kaviar	15.00	495	1
Produce	1	0012471	Longlife Tofu	10.00	214	1
Beverages	1	0012472	Rhönbräu Klosterbier	7.75	166	1
Beverages	1	0012473	Lakkalikööri	18.00	233	1
Condiments	1	0012474	Original Frankfurter grüne Soße	13.00	345	1
Beverages	1	0012475	Chai	18.00	242	1
Beverages	1	0012476	Chang	19.00	370	1
Condiments	1	0012477	Aniseed Syrup	10.00	455	0
Condiments	1	0012478	Chef Anton's Cajun Seasoning	22.00	432	1
Condiments	1	0012479	Chef Anton's Gumbo Mix	21.35	223	1
Condiments	1	0012480	Grandma's Boysenberry Spread	25.00	296	0
Produce	0	0012481	Uncle Bob's Organic Dried Pears	30.00	38	1
Condiments	1	0012482	Northwoods Cranberry Sauce	40.00	42	1
Meat/Poultry	1	0012483	Mishi Kobe Niku	97.00	196	1
Seafood	1	0012484	Ikura	31.00	103	1
Dairy Products	1	0012485	Queso Cabrales	21.00	186	1
Dairy Products	1	0012486	Queso Manchego La Pastora	38.00	411	1
Seafood	1	0012487	Konbu	6.00	118	1
Produce	0	0012488	Tofu	23.25	139	1
Condiments	1	0012489	Genen Shouyu	15.50	358	1
Confections	1	0012490	Pavlova	17.45	445	1
Meat/Poultry	1	0012491	Alice Mutton	39.00	28	1
Seafood	1	0012492	Carnarvon Tigers	62.50	96	1
Confections	1	0012493	Teatime Chocolate Biscuits	9.20	270	1
Confections	1	0012494	Sir Rodney's Marmalade	81.00	90	1
Confections	1	0012495	Sir Rodney's Scones	10.00	383	1
Grains/Cereals	1	0012496	Gustaf's Knäckebröd	21.00	475	1
Grains/Cereals	1	0012497	Tunnbröd	9.00	293	1
Beverages	1	0012498	Guaraná Fantástica	4.50	155	1
Confections	1	0012499	NuNuCa Nuß-Nougat-Creme	14.00	463	1
Confections	1	0012500	Gumbär Gummibärchen	31.23	278	1
Confections	1	0012501	Schoggi Schokolade	43.90	50	1
Produce	1	0012502	Rössle Sauerkraut	45.60	145	1
Meat/Poultry	1	0012503	Thüringer Rostbratwurst	123.79	126	1